real_time,demo_cycle,slot,time_label,interval_label,ems_enabled,ems_status,price_dkk_kwh,price_state,demand_mW,pv_available,target_scenario,actual_scenario,scenario_accepted,reject_reason,scheduler_reason,command,panel_voltage_V,battery_voltage_V,pem_voltage_V,load_voltage_V,pv_current_mA,battery_current_mA,pem_current_mA,load_current_mA,pv_power_mW,battery_power_mW,pem_power_mW,load_power_mW,virtual_battery_soc_percent,virtual_battery_charge_mAh,virtual_battery_capacity_mAh,virtual_battery_charge_state,real_battery_soc_percent,real_battery_charge_mAh,real_battery_capacity_mAh,real_battery_charge_state,real_battery_soc_initialized,real_battery_soc_status,real_battery_initial_lookup_voltage,real_battery_lookup_soc_percent,pem_soc_percent,h2_volume_mL,h2_usable_mL,h2_mode,load_trigger
2026-05-11T15:45:32+02:00,0,0,00:00,00:00-00:15,True,running,0.9352706460000001,HIGH,45.752107382290916,False,2,2,1,,Demo logging started. Hydrogen state was not reset; the current estimated hydrogen state is used.,"SCENARIO,2",1.8325,3.672,0.03475,4.989,162.225,46.9,-0.021,-0.008,297.277,172.217,-0.001,-0.04,50.0868764619644,5.0086876461964405,10.0,medium,0.0,0.0014,1710.8108,empty,True,current_integrated_after_lookup_initialisation,3.677,4.33,0.0,7.6,0.0,empty,1
2026-05-11T15:45:40+02:00,0,1,00:15,00:15-00:30,True,running,0.895591095,HIGH,45.04351593954704,False,2,2,1,,Demo logging started. Hydrogen state was not reset; the current estimated hydrogen state is used.,"SCENARIO,2",1.99,3.67325,0.0335,4.98275,160.275,50.325,-0.042,8.917,318.947,184.856,-0.001,44.431,50.696053144397304,5.06960531443973,10.0,medium,0.0,0.0014,1710.8108,empty,True,current_integrated_after_lookup_initialisation,3.677,4.35,0.0,7.6,0.0,empty,1
2026-05-11T15:45:48+02:00,0,2,00:30,00:30-00:45,True,running,0.872201879,HIGH,44.33492449680317,False,2,2,1,,Demo logging started. Hydrogen state was not reset; the current estimated hydrogen state is used.,"SCENARIO,2",1.86375,3.67075,0.0335,4.994,161.125,49.25,-0.042,9.217,300.297,180.784,-0.001,46.03,51.30395457181023,5.130395457181023,10.0,medium,0.0,0.0014,1710.8108,empty,True,current_integrated_after_lookup_initialisation,3.677,4.31,0.0,7.6,0.0,empty,1
2026-05-11T15:45:55+02:00,0,3,00:45,00:45-01:00,True,running,0.8473928550000001,HIGH,43.62633305405929,False,2,2,1,,Demo logging started. Hydrogen state was not reset; the current estimated hydrogen state is used.,"SCENARIO,2",2.08,3.67325,0.03475,4.9765,154.725,49.2,-0.042,8.767,321.828,180.724,-0.001,43.629,51.82484367844231,5.182484367844231,10.0,medium,0.0,0.0015,1710.8108,empty,True,current_integrated_after_lookup_initialisation,3.677,4.35,0.0,7.6,0.0,empty,1
2026-05-11T15:46:03+02:00,0,4,01:00,01:00-01:15,True,running,0.877656848,HIGH,42.91774161131542,False,2,2,1,,Demo logging started. Hydrogen state was not reset; the current estimated hydrogen state is used.,"SCENARIO,2",2.2225,3.682,0.0435,4.9865,153.45,50.25,-0.042,8.242,341.043,185.021,-0.002,41.099,52.43232041776984,5.2432320417769835,10.0,medium,0.0,0.0014,1710.8108,empty,True,current_integrated_after_lookup_initialisation,3.677,4.49,0.0,7.6,0.0,empty,1
2026-05-11T15:46:10+02:00,0,5,01:15,01:15-01:30,True,running,0.845748868,HIGH,41.50291010179009,False,2,2,1,,Demo logging started. Hydrogen state was not reset; the current estimated hydrogen state is used.,"SCENARIO,2",1.96125,3.67575,0.03475,5.01775,159.6,48.375,-0.042,9.267,313.015,177.814,-0.001,46.499,52.88361995252559,5.288361995252559,10.0,medium,0.0,0.0015,1710.8108,empty,True,current_integrated_after_lookup_initialisation,3.677,4.39,0.0,7.6,0.0,empty,1
2026-05-11T15:46:18+02:00,0,6,01:30,01:30-01:45,True,running,0.8247508840000001,HIGH,40.08807859226475,False,2,2,1,,Demo logging started. Hydrogen state was not reset; the current estimated hydrogen state is used.,"SCENARIO,2",1.83875,3.6795,0.041,4.98525,163.575,49.45,-0.042,8.267,300.774,181.951,-0.002,41.213,53.42147985720042,5.342147985720041,10.0,medium,0.0,0.0014,1710.8108,empty,True,current_integrated_after_lookup_initialisation,3.677,4.45,0.0,7.6,0.0,empty,1
2026-05-11T15:46:25+02:00,0,7,01:45,01:45-02:00,True,running,0.809581454,HIGH,38.67324708273942,False,2,2,1,,Demo logging started. Hydrogen state was not reset; the current estimated hydrogen state is used.,"SCENARIO,2",1.91,3.67825,0.0385,4.9815,161.05,51.525,-0.042,7.817,307.606,189.522,-0.002,38.94,53.945452071954755,5.394545207195475,10.0,medium,0.0,0.0015,1710.8108,empty,True,current_integrated_after_lookup_initialisation,3.677,4.43,0.0,7.6,0.0,empty,1
2026-05-11T15:46:33+02:00,0,8,02:00,02:00-02:15,True,running,0.8302058449999999,HIGH,37.258415573214094,False,2,2,1,,Demo logging started. Hydrogen state was not reset; the current estimated hydrogen state is used.,"SCENARIO,2",2.38125,3.692,0.041,4.9865,149.9,56.525,-0.042,6.967,356.949,208.69,-0.002,34.741,54.555735919941995,5.455573591994199,10.0,medium,0.0,0.0014,1710.8108,empty,True,current_integrated_after_lookup_initialisation,3.677,4.65,0.0,7.6,0.0,empty,1
2026-05-11T15:46:40+02:00,0,9,02:15,02:15-02:30,True,running,0.821014584,HIGH,35.309442611181716,False,2,2,1,,Demo logging started. Hydrogen state was not reset; the current estimated hydrogen state is used.,"SCENARIO,2",1.83875,3.67825,0.041,4.9865,163.025,47.725,-0.042,6.967,299.762,175.544,-0.002,34.741,55.07946413190281,5.507946413190281,10.0,medium,0.0,0.0021,1710.8108,empty,True,current_integrated_after_lookup_initialisation,3.677,4.43,0.0,7.6,0.0,empty,1
2026-05-11T15:46:48+02:00,0,10,02:30,02:30-02:45,True,running,0.822658504,HIGH,33.36046964914934,False,2,2,1,,Demo logging started. Hydrogen state was not reset; the current estimated hydrogen state is used.,"SCENARIO,2",1.83625,3.677,0.041,4.9865,162.45,47.45,-0.042,6.992,298.299,174.474,-0.002,34.866,55.68974634124553,5.568974634124553,10.0,medium,0.0,0.002,1710.8108,empty,True,current_integrated_after_lookup_initialisation,3.677,4.41,0.0,7.6,0.0,empty,1
2026-05-11T15:46:55+02:00,0,11,02:45,02:45-03:00,True,running,0.826768457,HIGH,31.41149668711698,False,2,2,1,,Demo logging started. Hydrogen state was not reset; the current estimated hydrogen state is used.,"SCENARIO,2",1.9775,3.677,0.041,4.98775,155.875,47.3,-0.042,6.442,308.243,173.922,-0.002,32.131,56.21360537951233,5.621360537951233,10.0,medium,0.0,0.0014,1710.8108,empty,True,current_integrated_after_lookup_initialisation,3.677,4.41,0.0,7.6,0.0,empty,1
2026-05-11T15:47:03+02:00,0,12,03:00,03:00-03:15,True,running,0.824451973,HIGH,29.462523725084605,False,2,2,1,,Demo logging started. Hydrogen state was not reset; the current estimated hydrogen state is used.,"SCENARIO,2",1.83625,3.677,0.03975,4.9965,162.55,47.225,-0.042,5.867,298.482,173.646,-0.002,29.314,56.82394661001604,5.682394661001603,10.0,medium,0.0,0.0014,1710.8108,empty,True,current_integrated_after_lookup_initialisation,3.677,4.41,0.0,7.6,0.0,empty,1
2026-05-11T15:47:10+02:00,0,13,03:15,03:15-03:30,True,running,0.8375290230000001,HIGH,27.61748170275346,False,2,2,1,,Demo logging started. Hydrogen state was not reset; the current estimated hydrogen state is used.,"SCENARIO,2",2.1,3.68325,0.03975,4.98775,155.15,52.7,-0.042,5.717,325.815,194.107,-0.002,28.515,57.34487981028248,5.734487981028248,10.0,medium,0.0,0.0014,1710.8108,empty,True,current_integrated_after_lookup_initialisation,3.677,4.51,0.0,7.6,0.0,empty,1
2026-05-11T15:47:18+02:00,0,14,03:30,03:30-03:45,True,running,0.847617018,HIGH,25.772439680422302,False,2,2,1,,Demo logging started. Hydrogen state was not reset; the current estimated hydrogen state is used.,"SCENARIO,2",2.00875,3.68575,0.03975,4.98775,157.125,51.475,-0.042,5.717,315.625,189.724,-0.002,28.515,57.955112938277196,5.79551129382772,10.0,medium,0.0,0.0015,1710.8108,empty,True,current_integrated_after_lookup_initialisation,3.677,4.55,0.0,7.6,0.0,empty,1
2026-05-11T15:47:25+02:00,0,15,03:45,03:45-04:00,True,running,0.857705021,HIGH,23.927397658091152,False,2,2,1,,Demo logging started. Hydrogen state was not reset; the current estimated hydrogen state is used.,"SCENARIO,2",2.13875,3.68325,0.03975,5.004,152.425,53.85,-0.042,5.192,325.999,198.343,-0.002,25.981,58.47904213993369,5.847904213993369,10.0,medium,0.0,0.0014,1710.8108,empty,True,current_integrated_after_lookup_initialisation,3.677,4.51,0.0,7.6,0.0,empty,1
2026-05-11T15:47:33+02:00,0,16,04:00,04:00-04:15,True,running,0.806592459,HIGH,22.08235563576001,False,2,2,1,,Demo logging started. Hydrogen state was not reset; the current estimated hydrogen state is used.,"SCENARIO,2",1.83625,3.68075,0.03975,5.019,164.075,51.2,-0.042,5.067,301.283,188.454,-0.002,25.431,59.0890246747383,5.90890246747383,10.0,medium,0.0,0.0014,1710.8108,empty,True,current_integrated_after_lookup_initialisation,3.677,4.47,0.0,7.6,0.0,empty,1
2026-05-11T15:47:40+02:00,0,17,04:15,04:15-04:30,True,running,0.811823257,HIGH,21.56176672682,False,2,2,1,,Demo logging started. Hydrogen state was not reset; the current estimated hydrogen state is used.,"SCENARIO,2",1.8375,3.67575,0.03975,4.989,164.525,47.475,-0.042,4.542,302.315,174.506,-0.002,22.66,59.614111640516285,5.961411164051628,10.0,medium,0.0,0.0016,1710.8108,empty,True,current_integrated_after_lookup_initialisation,3.677,4.39,0.0,7.6,0.0,empty,1
2026-05-11T15:47:48+02:00,0,18,04:30,04:30-04:45,True,running,0.8632347300000001,HIGH,21.041177817880005,False,2,2,1,,Demo logging started. Hydrogen state was not reset; the current estimated hydrogen state is used.,"SCENARIO,2",2.02375,3.677,0.0385,4.98775,159.025,50.15,-0.042,4.517,321.827,184.402,-0.002,22.53,60.22474719490251,6.022474719490251,10.0,medium,0.0,0.0015,1710.8108,empty,True,current_integrated_after_lookup_initialisation,3.677,4.41,0.0,7.6,0.0,empty,1
2026-05-11T15:47:55+02:00,0,19,04:45,04:45-05:00,True,running,0.89872958,HIGH,20.52058890894001,False,2,2,1,,Demo logging started. Hydrogen state was not reset; the current estimated hydrogen state is used.,"SCENARIO,2",1.91875,3.687,0.03975,5.03275,161.025,53.475,-0.042,5.167,308.967,197.162,-0.002,26.004,60.7485998324275,6.07485998324275,10.0,medium,0.0,0.0014,1710.8108,empty,True,current_integrated_after_lookup_initialisation,3.677,4.57,0.0,7.6,0.0,empty,1
2026-05-11T15:48:04+02:00,0,20,05:00,05:00-05:15,True,running,0.881841541,HIGH,20.0,False,2,2,1,,Demo logging started. Hydrogen state was not reset; the current estimated hydrogen state is used.,"SCENARIO,2",1.94,3.672,0.0335,4.984,158.85,49.025,-0.042,4.567,308.169,180.02,-0.001,22.762,61.358719603990416,6.135871960399041,10.0,medium,0.0,0.0016,1710.8108,empty,True,current_integrated_after_lookup_initialisation,3.677,4.33,0.0,7.6,0.0,empty,1
2026-05-11T15:48:10+02:00,0,21,05:15,05:15-05:30,True,running,0.8973098230000001,HIGH,22.536350184123506,False,2,2,1,,Demo logging started. Hydrogen state was not reset; the current estimated hydrogen state is used.,"SCENARIO,2",2.0025,3.67325,0.03475,4.984,158.425,51.65,-0.042,3.992,317.246,189.723,-0.001,19.896,61.88331977780067,6.1883319777800665,10.0,medium,0.0,0.0015,1710.8108,empty,True,current_integrated_after_lookup_initialisation,3.677,4.35,0.0,7.6,0.0,empty,1
2026-05-11T15:48:19+02:00,0,22,05:30,05:30-05:45,True,running,0.92473425,HIGH,25.072700368247002,False,2,2,1,,Demo logging started. Hydrogen state was not reset; the current estimated hydrogen state is used.,"SCENARIO,2",1.90875,3.677,0.03475,4.98525,162.625,51.0,-0.042,4.017,310.41,187.527,-0.001,20.026,62.49433628802539,6.249433628802539,10.0,medium,0.0,0.0014,1710.8108,empty,True,current_integrated_after_lookup_initialisation,3.677,4.41,0.0,7.6,0.0,empty,1
2026-05-11T15:48:25+02:00,0,23,05:45,05:45-06:00,True,running,0.946853139,HIGH,27.609050552370498,False,2,2,1,,Demo logging started. Hydrogen state was not reset; the current estimated hydrogen state is used.,"SCENARIO,2",2.0825,3.6845,0.03475,4.984,154.775,55.375,-0.042,5.042,322.319,204.029,-0.001,25.129,63.0185158617213,6.30185158617213,10.0,medium,0.0,0.0021,1710.8108,empty,True,current_integrated_after_lookup_initialisation,3.677,4.53,0.0,7.6,0.0,empty,1
2026-05-11T15:48:32+02:00,0,24,06:00,06:00-06:15,True,running,0.937362959,HIGH,30.145400736494004,False,2,2,1,,Demo logging started. Hydrogen state was not reset; the current estimated hydrogen state is used.,"SCENARIO,2",1.83,3.67075,0.0335,4.984,163.575,47.575,-0.042,5.192,299.342,174.636,-0.001,25.877,63.54276025906173,6.354276025906173,10.0,medium,0.0,0.0014,1710.8108,empty,True,current_integrated_after_lookup_initialisation,3.677,4.31,0.0,7.6,0.0,empty,1
2026-05-11T15:48:41+02:00,0,25,06:15,06:15-06:30,True,running,0.998488775,HIGH,33.470593669361726,False,2,2,1,,Demo logging started. Hydrogen state was not reset; the current estimated hydrogen state is used.,"SCENARIO,2",2.0425,3.67825,0.03475,4.98275,159.225,51.925,-0.063,6.167,325.217,190.993,-0.002,30.729,64.15448902072326,6.415448902072326,10.0,medium,0.0,0.0015,1710.8108,empty,True,current_integrated_after_lookup_initialisation,3.677,4.43,0.0,7.6,0.0,empty,1
2026-05-11T15:48:47+02:00,0,26,06:30,06:30-06:45,True,running,1.047658498,HIGH,36.79578660222945,False,2,2,1,,Demo logging started. Hydrogen state was not reset; the current estimated hydrogen state is used.,"SCENARIO,2",2.01125,3.67075,0.0335,4.98275,155.225,49.175,-0.042,6.167,312.196,180.509,-0.001,30.729,64.67582420711767,6.467582420711767,10.0,medium,0.0,0.0015,1710.8108,empty,True,current_integrated_after_lookup_initialisation,3.677,4.31,0.0,7.6,0.0,empty,1
2026-05-11T15:48:56+02:00,0,27,06:45,06:45-07:00,True,running,1.0957820569999999,HIGH,40.12097953509717,False,2,2,1,,Demo logging started. Hydrogen state was not reset; the current estimated hydrogen state is used.,"SCENARIO,2",1.8825,3.67075,0.03475,4.98025,163.975,49.075,-0.042,7.242,308.683,180.142,-0.001,36.067,65.28760913128033,6.528760913128033,10.0,medium,0.0,0.0015,1710.8108,empty,True,current_integrated_after_lookup_initialisation,3.677,4.31,0.0,7.6,0.0,empty,1
2026-05-11T15:49:02+02:00,0,28,07:00,07:00-07:15,True,running,1.143158318,HIGH,43.446172467964885,False,2,2,1,,Demo logging started. Hydrogen state was not reset; the current estimated hydrogen state is used.,"SCENARIO,2",2.0675,3.67575,0.03475,4.98775,155.525,51.45,-0.042,8.167,321.548,189.117,-0.001,40.735,65.81179330984097,6.581179330984098,10.0,medium,0.0,0.0016,1710.8108,empty,True,current_integrated_after_lookup_initialisation,3.677,4.39,0.0,7.6,0.0,empty,1
2026-05-11T15:49:11+02:00,0,29,07:15,07:15-07:30,True,running,1.188591741,HIGH,44.98171289899854,False,2,2,1,,Demo logging started. Hydrogen state was not reset; the current estimated hydrogen state is used.,"SCENARIO,2",1.9925,3.67575,0.0335,4.9965,159.3,50.425,-0.042,8.367,317.405,185.35,-0.001,41.806,66.42264180231034,6.642264180231034,10.0,medium,0.0,0.0015,1710.8108,empty,True,current_integrated_after_lookup_initialisation,3.677,4.39,0.0,7.6,0.0,empty,1
2026-05-11T15:49:17+02:00,0,30,07:30,07:30-07:45,True,running,1.166622275,HIGH,46.51725333003219,False,2,2,1,,Demo logging started. Hydrogen state was not reset; the current estimated hydrogen state is used.,"SCENARIO,2",2.19875,3.682,0.0335,4.979,152.25,55.375,-0.042,7.942,334.76,203.891,-0.001,39.543,66.94695289559054,6.694695289559054,10.0,medium,0.0,0.0014,1710.8108,empty,True,current_integrated_after_lookup_initialisation,3.677,4.49,0.0,7.6,0.0,empty,1
2026-05-11T15:49:26+02:00,0,31,07:45,07:45-08:00,True,running,1.106168971,HIGH,48.052793761065836,False,2,2,1,,Demo logging started. Hydrogen state was not reset; the current estimated hydrogen state is used.,"SCENARIO,2",2.04625,3.6795,0.0335,4.979,158.4,50.1,-0.042,8.992,324.126,184.343,-0.001,44.771,67.55818006414026,6.755818006414025,10.0,medium,0.0,0.0014,1710.8108,empty,True,current_integrated_after_lookup_initialisation,3.677,4.45,0.0,7.6,0.0,empty,1
2026-05-11T15:49:32+02:00,0,32,08:00,08:00-08:15,True,running,1.2970192340000002,HIGH,49.58833419209949,False,2,2,1,,Demo logging started. Hydrogen state was not reset; the current estimated hydrogen state is used.,"SCENARIO,2",1.83125,3.6795,0.0335,5.00275,165.975,53.75,-0.042,9.642,303.942,197.773,-0.001,48.237,68.08286180117983,6.808286180117983,10.0,medium,0.0,0.0014,1710.8108,empty,True,current_integrated_after_lookup_initialisation,3.677,4.45,0.0,7.6,0.0,empty,1
2026-05-11T15:49:41+02:00,0,33,08:15,08:15-08:30,True,running,1.139646189,HIGH,50.61804367362805,False,2,2,1,,Demo logging started. Hydrogen state was not reset; the current estimated hydrogen state is used.,"SCENARIO,2",2.1325,3.677,0.03225,5.019,157.65,51.375,-0.042,10.142,336.189,188.906,-0.001,50.903,68.6936272340854,6.86936272340854,10.0,medium,0.0,0.0016,1710.8108,empty,True,current_integrated_after_lookup_initialisation,3.677,4.41,0.0,7.6,0.0,empty,1
2026-05-11T15:49:48+02:00,0,34,08:30,08:30-08:45,True,running,1.062603698,HIGH,51.647753155156614,False,2,2,1,,Demo logging started. Hydrogen state was not reset; the current estimated hydrogen state is used.,"SCENARIO,2",2.31375,3.6795,0.0335,4.97775,151.45,57.95,-0.042,8.992,350.417,213.227,-0.001,44.76,69.21747365164777,6.9217473651647765,10.0,medium,0.0,0.0015,1710.8108,empty,True,current_integrated_after_lookup_initialisation,3.677,4.45,0.0,7.6,0.0,empty,1
2026-05-11T15:49:56+02:00,0,35,08:45,08:45-09:00,True,running,0.984664532,HIGH,52.67746263668519,False,2,2,1,,Demo logging started. Hydrogen state was not reset; the current estimated hydrogen state is used.,"SCENARIO,2",1.83125,3.67325,0.0335,4.97775,166.55,49.325,-0.042,9.767,304.995,181.183,-0.001,48.618,69.82829217022231,6.982829217022231,10.0,medium,0.0,0.0015,1710.8108,empty,True,current_integrated_after_lookup_initialisation,3.677,4.35,0.0,7.6,0.0,empty,1
2026-05-11T15:50:03+02:00,0,36,09:00,09:00-09:15,True,running,1.1429341480000001,HIGH,53.70717211821375,False,2,2,1,,Demo logging started. Hydrogen state was not reset; the current estimated hydrogen state is used.,"SCENARIO,2",1.83125,3.67575,0.0335,4.97775,165.4,49.6,-0.021,9.792,302.889,182.317,-0.001,48.742,70.35172677826549,7.03517267782655,10.0,medium,0.0,0.0021,1710.8108,empty,True,current_integrated_after_lookup_initialisation,3.677,4.39,0.0,7.6,0.0,empty,1
2026-05-11T15:50:11+02:00,0,37,09:15,09:15-09:30,True,running,1.028752827,HIGH,54.27245587426248,False,2,2,1,,Demo logging started. Hydrogen state was not reset; the current estimated hydrogen state is used.,"SCENARIO,2",1.8175,3.66575,0.0335,4.97775,142.225,42.575,-0.042,9.767,258.494,156.069,-0.001,48.618,70.96390457529154,7.0963904575291545,10.0,medium,0.0,0.0017,1710.8108,empty,True,current_integrated_after_lookup_initialisation,3.677,4.23,0.0,7.6,0.0,empty,1
2026-05-11T15:50:18+02:00,0,38,09:30,09:30-09:45,True,running,0.9971437590000001,HIGH,54.837739630311205,False,2,2,1,,Demo logging started. Hydrogen state was not reset; the current estimated hydrogen state is used.,"SCENARIO,2",1.8825,3.66825,0.0335,4.97775,140.325,44.075,-0.042,9.742,264.162,161.678,-0.001,48.493,71.48989472424097,7.148989472424097,10.0,medium,0.0,0.0013,1710.8108,empty,True,current_integrated_after_lookup_initialisation,3.677,4.27,0.0,7.6,0.0,empty,1
2026-05-11T15:50:26+02:00,0,39,09:45,09:45-10:00,True,running,0.920101216,HIGH,55.40302338635993,False,2,2,1,,Demo logging started. Hydrogen state was not reset; the current estimated hydrogen state is used.,"SCENARIO,2",1.81625,3.66575,0.0335,4.97775,140.825,42.55,-0.042,9.792,255.773,155.978,-0.001,48.742,72.10290248428704,7.210290248428704,10.0,medium,0.0,0.0012,1710.8108,empty,True,current_integrated_after_lookup_initialisation,3.677,4.23,0.0,7.6,0.0,empty,1
2026-05-11T15:50:33+02:00,0,40,10:00,10:00-10:15,True,running,1.0423530109999999,HIGH,55.96830714240867,False,2,2,1,,Demo logging started. Hydrogen state was not reset; the current estimated hydrogen state is used.,"SCENARIO,2",1.8175,3.66575,0.0335,4.9765,141.725,42.2,-0.042,10.167,257.585,154.695,-0.001,50.596,72.62531688411784,7.2625316884117845,10.0,medium,0.0,0.0012,1710.8108,empty,True,current_integrated_after_lookup_initialisation,3.677,4.23,0.0,7.6,0.0,empty,1
2026-05-11T15:50:41+02:00,0,41,10:15,10:15-10:30,True,running,0.9582862609999999,HIGH,56.45403953466208,False,2,2,1,,Demo logging started. Hydrogen state was not reset; the current estimated hydrogen state is used.,"SCENARIO,2",2.07,3.6895,0.03975,4.984,171.875,55.925,-0.042,10.142,355.781,206.335,-0.002,50.548,73.23531339728868,7.323531339728868,10.0,medium,0.0,0.0016,1710.8108,empty,True,current_integrated_after_lookup_initialisation,3.677,4.61,0.0,7.6,0.0,empty,1
2026-05-11T15:50:48+02:00,0,42,10:30,10:30-10:45,True,running,0.9127033569999999,HIGH,56.9397719269155,False,2,2,1,,Demo logging started. Hydrogen state was not reset; the current estimated hydrogen state is used.,"SCENARIO,2",2.215,3.69325,0.03975,4.99025,164.925,59.425,-0.042,10.467,365.309,219.471,-0.002,52.233,73.75711516757778,7.375711516757777,10.0,medium,0.0,0.0019,1710.8108,empty,True,current_integrated_after_lookup_initialisation,3.677,4.67,0.0,7.6,0.0,empty,1
2026-05-11T15:50:56+02:00,0,43,10:45,10:45-11:00,True,running,0.861889654,HIGH,57.42550431916891,False,2,2,1,,Demo logging started. Hydrogen state was not reset; the current estimated hydrogen state is used.,"SCENARIO,2",2.175,3.6945,0.03975,5.00025,166.65,59.2,-0.042,10.767,362.464,218.714,-0.002,53.838,74.3644350521946,7.43644350521946,10.0,medium,0.0,0.0016,1710.8108,empty,True,current_integrated_after_lookup_initialisation,3.677,4.69,0.0,7.6,0.0,empty,1
2026-05-11T15:51:03+02:00,0,44,11:00,11:00-11:15,True,running,0.9418465109999999,HIGH,57.91123671142232,False,2,2,1,,Demo logging started. Hydrogen state was not reset; the current estimated hydrogen state is used.,"SCENARIO,2",2.12375,3.692,0.03975,4.984,171.0,56.75,-0.042,10.267,363.161,209.521,-0.002,51.171,74.88613515156534,7.488613515156533,10.0,medium,0.0,0.0015,1710.8108,empty,True,current_integrated_after_lookup_initialisation,3.677,4.65,0.0,7.6,0.0,empty,1
2026-05-11T15:51:11+02:00,0,45,11:15,11:15-11:30,True,running,0.85733142,HIGH,58.38276373977669,False,2,2,1,,Demo logging started. Hydrogen state was not reset; the current estimated hydrogen state is used.,"SCENARIO,2",2.14,3.6995,0.03975,4.984,170.2,58.225,-0.042,10.667,364.228,215.403,-0.002,53.164,75.49357775428449,7.549357775428449,10.0,medium,0.0,0.0017,1710.8108,empty,True,current_integrated_after_lookup_initialisation,3.677,4.77,0.0,7.6,0.0,empty,1
2026-05-11T15:51:18+02:00,0,46,11:30,11:30-11:45,True,running,0.799194548,HIGH,58.854290768131065,False,2,2,1,,Demo logging started. Hydrogen state was not reset; the current estimated hydrogen state is used.,"SCENARIO,2",1.8525,3.6895,0.03975,5.0065,183.725,54.225,-0.042,11.417,340.351,200.063,-0.002,57.159,76.01503303658062,7.601503303658062,10.0,medium,0.0,0.0018,1710.8108,empty,True,current_integrated_after_lookup_initialisation,3.677,4.61,0.0,7.6,0.0,empty,1
2026-05-11T15:51:26+02:00,0,47,11:45,11:45-12:00,True,running,0.791198866,HIGH,59.325817796485424,False,2,2,1,,Demo logging started. Hydrogen state was not reset; the current estimated hydrogen state is used.,"SCENARIO,2",2.25,3.6995,0.03975,5.02275,168.35,61.45,-0.042,11.992,378.788,227.334,-0.002,60.233,76.6227379921964,7.662273799219641,10.0,medium,0.0,0.0017,1710.8108,empty,True,current_integrated_after_lookup_initialisation,3.677,4.77,0.0,7.6,0.0,empty,1
2026-05-11T15:51:33+02:00,0,48,12:00,12:00-12:15,True,running,0.8178013590000001,HIGH,59.79734482483979,False,2,2,1,,Demo logging started. Hydrogen state was not reset; the current estimated hydrogen state is used.,"SCENARIO,2",2.025,3.69575,0.041,4.98275,177.9,61.325,-0.042,10.667,360.247,226.642,-0.002,53.151,77.14476418032872,7.714476418032872,10.0,medium,0.0,0.0016,1710.8108,empty,True,current_integrated_after_lookup_initialisation,3.677,4.71,0.0,7.6,0.0,empty,1
2026-05-11T15:51:41+02:00,0,49,12:15,12:15-12:30,True,running,0.806592459,HIGH,59.59784944053591,False,2,2,1,,Demo logging started. Hydrogen state was not reset; the current estimated hydrogen state is used.,"SCENARIO,2",2.0,3.697,0.041,4.98275,176.65,58.9,-0.021,11.117,353.3,217.753,-0.001,55.393,77.75263144516173,7.775263144516173,10.0,medium,0.0,0.0016,1710.8108,empty,True,current_integrated_after_lookup_initialisation,3.677,4.73,0.0,7.6,0.0,empty,1
2026-05-11T15:51:48+02:00,0,50,12:30,12:30-12:45,True,running,0.80532208,HIGH,59.39835405623201,False,2,2,1,,Demo logging started. Hydrogen state was not reset; the current estimated hydrogen state is used.,"SCENARIO,2",2.45125,3.70325,0.03975,4.98275,166.05,62.725,-0.042,11.092,407.03,232.286,-0.002,55.269,78.27455374000183,7.827455374000182,10.0,medium,0.0,0.0023,1710.8108,empty,True,current_integrated_after_lookup_initialisation,3.677,4.83,0.0,7.6,0.0,empty,1
2026-05-11T15:51:56+02:00,0,51,12:45,12:45-13:00,True,running,0.767734909,HIGH,59.198858671928114,False,2,2,1,,Demo logging started. Hydrogen state was not reset; the current estimated hydrogen state is used.,"SCENARIO,2",1.95625,3.69825,0.03975,4.98275,177.425,60.075,-0.042,11.092,347.088,222.172,-0.002,55.269,78.88237412719204,7.888237412719204,10.0,medium,0.0,0.0024,1710.8108,empty,True,current_integrated_after_lookup_initialisation,3.677,4.75,0.0,7.6,0.0,empty,1
2026-05-11T15:52:03+02:00,0,52,13:00,13:00-13:15,True,running,0.77356353,HIGH,58.999363287624234,False,2,2,1,,Demo logging started. Hydrogen state was not reset; the current estimated hydrogen state is used.,"SCENARIO,2",2.68125,3.702,0.0385,4.98025,150.6,60.75,-0.042,11.117,403.796,224.896,-0.002,55.365,79.40398360864393,7.940398360864392,10.0,medium,0.0,0.0018,1710.8108,empty,True,current_integrated_after_lookup_initialisation,3.677,4.81,0.0,7.6,0.0,empty,1
2026-05-11T15:52:11+02:00,0,53,13:15,13:15-13:30,True,running,0.770200882,HIGH,58.838319949237835,False,2,2,1,,Demo logging started. Hydrogen state was not reset; the current estimated hydrogen state is used.,"SCENARIO,2",2.69,3.6995,0.0385,4.98275,157.75,63.925,-0.042,11.117,424.347,236.491,-0.002,55.393,80.01234454491706,8.001234454491707,10.0,medium,0.0,0.0018,1710.8108,empty,True,current_integrated_after_lookup_initialisation,3.677,4.77,0.0,7.6,0.0,empty,1
2026-05-11T15:52:18+02:00,0,54,13:30,13:30-13:45,True,running,0.751220471,HIGH,58.67727661085144,False,2,2,1,,Demo logging started. Hydrogen state was not reset; the current estimated hydrogen state is used.,"SCENARIO,2",2.17875,3.692,0.03975,4.98275,170.125,55.1,-0.042,11.092,370.66,203.429,-0.002,55.269,80.5300814569894,8.05300814569894,10.0,medium,0.0,0.0017,1710.8108,empty,True,current_integrated_after_lookup_initialisation,3.677,4.65,0.0,7.6,0.0,empty,1
2026-05-11T15:52:26+02:00,0,55,13:45,13:45-14:00,True,running,0.712960796,HIGH,58.516233272465044,False,2,2,1,,Demo logging started. Hydrogen state was not reset; the current estimated hydrogen state is used.,"SCENARIO,2",2.17,3.6945,0.0385,4.98275,173.075,62.3,-0.042,11.117,375.573,230.167,-0.002,55.393,81.13855195704016,8.113855195704016,10.0,medium,0.0,0.0016,1710.8108,empty,True,current_integrated_after_lookup_initialisation,3.677,4.69,0.0,7.6,0.0,empty,1
2026-05-11T15:52:33+02:00,0,56,14:00,14:00-14:15,True,running,0.740609393,HIGH,58.35518993407865,False,2,2,1,,Demo logging started. Hydrogen state was not reset; the current estimated hydrogen state is used.,"SCENARIO,2",2.5075,3.697,0.0385,4.98775,149.575,61.85,-0.042,11.242,375.059,228.659,-0.002,56.072,81.66018018207218,8.166018018207218,10.0,medium,0.0,0.0017,1710.8108,empty,True,current_integrated_after_lookup_initialisation,3.677,4.73,0.0,7.6,0.0,empty,1
2026-05-11T15:52:41+02:00,0,57,14:15,14:15-14:30,True,running,0.742477543,HIGH,58.63832385258911,False,2,2,1,,Demo logging started. Hydrogen state was not reset; the current estimated hydrogen state is used.,"SCENARIO,2",2.4525,3.6995,0.0385,4.99525,158.45,60.275,-0.042,11.492,388.599,222.987,-0.002,57.405,82.26794057320095,8.226794057320094,10.0,medium,0.0,0.0017,1710.8108,empty,True,current_integrated_after_lookup_initialisation,3.677,4.77,0.0,7.6,0.0,empty,1
2026-05-11T15:52:48+02:00,0,58,14:30,14:30-14:45,True,running,0.719611402,HIGH,58.92145777109959,False,2,2,1,,Demo logging started. Hydrogen state was not reset; the current estimated hydrogen state is used.,"SCENARIO,2",2.18125,3.70325,0.0385,4.98275,173.925,67.5,-0.042,11.092,379.374,249.969,-0.002,55.269,82.78921865383842,8.278921865383841,10.0,medium,0.0,0.0018,1710.8108,empty,True,current_integrated_after_lookup_initialisation,3.677,4.83,0.0,7.6,0.0,empty,1
2026-05-11T15:52:56+02:00,0,59,14:45,14:45-15:00,True,running,0.739264318,HIGH,59.20459168961006,False,2,2,1,,Demo logging started. Hydrogen state was not reset; the current estimated hydrogen state is used.,"SCENARIO,2",2.1175,3.69325,0.0385,4.98275,174.525,57.425,-0.042,11.092,369.557,212.085,-0.002,55.269,83.39670211843392,8.339670211843393,10.0,medium,0.0,0.0017,1710.8108,empty,True,current_integrated_after_lookup_initialisation,3.677,4.67,0.0,7.6,0.0,empty,1
2026-05-11T15:53:03+02:00,0,60,15:00,15:00-15:15,True,running,0.724020207,HIGH,59.48772560812053,False,2,2,1,,Demo logging started. Hydrogen state was not reset; the current estimated hydrogen state is used.,"SCENARIO,2",2.26875,3.69575,0.0385,5.004,167.4,58.35,-0.021,11.792,379.789,215.647,-0.001,59.007,83.91873565047285,8.391873565047286,10.0,medium,0.0,0.0017,1710.8108,empty,True,current_integrated_after_lookup_initialisation,3.677,4.71,0.0,7.6,0.0,empty,1
2026-05-11T15:53:11+02:00,0,61,15:15,15:15-15:30,True,running,0.734556602,HIGH,61.98163867299066,False,2,2,1,,Demo logging started. Hydrogen state was not reset; the current estimated hydrogen state is used.,"SCENARIO,2",2.25125,3.69575,0.0385,5.02025,168.0,55.6,-0.042,12.367,378.21,205.484,-0.002,62.085,84.52718204161513,8.452718204161513,10.0,medium,0.0,0.0016,1710.8108,empty,True,current_integrated_after_lookup_initialisation,3.677,4.71,0.0,7.6,0.0,empty,1
2026-05-11T15:53:18+02:00,0,62,15:30,15:30-15:45,True,running,0.765493159,HIGH,64.47555173786078,False,2,2,1,,Demo logging started. Hydrogen state was not reset; the current estimated hydrogen state is used.,"SCENARIO,2",2.20875,3.7045,0.0385,4.98275,162.875,61.875,-0.021,11.392,359.75,229.216,-0.001,56.763,85.04799594781076,8.504799594781076,10.0,medium,0.0,0.0017,1710.8108,empty,True,current_integrated_after_lookup_initialisation,3.677,4.85,0.0,7.6,0.0,empty,1
2026-05-11T15:53:26+02:00,0,63,15:45,15:45-16:00,True,running,0.785893327,HIGH,66.9694648027309,False,2,2,1,,Demo logging started. Hydrogen state was not reset; the current estimated hydrogen state is used.,"SCENARIO,2",2.34625,3.70325,0.0385,4.9815,161.125,67.95,-0.042,12.167,378.04,251.636,-0.002,60.61,85.6558283445691,8.56558283445691,10.0,medium,0.0,0.0016,1710.8108,empty,True,current_integrated_after_lookup_initialisation,3.677,4.83,0.0,7.6,0.0,empty,1
2026-05-11T15:53:33+02:00,0,64,16:00,16:00-16:15,True,running,0.728204848,HIGH,69.46337786760104,False,2,2,1,,Demo logging started. Hydrogen state was not reset; the current estimated hydrogen state is used.,"SCENARIO,2",2.21625,3.692,0.0385,4.99775,165.625,55.9,-0.042,12.792,367.066,206.383,-0.002,63.931,86.1768753203602,8.617687532036019,10.0,medium,0.0,0.0023,1710.8108,empty,True,current_integrated_after_lookup_initialisation,3.677,4.65,0.0,7.6,0.0,empty,1
2026-05-11T15:53:41+02:00,0,65,16:15,16:15-16:30,True,running,0.7726668550000001,HIGH,75.15920502147348,False,2,2,1,,Demo logging started. Hydrogen state was not reset; the current estimated hydrogen state is used.,"SCENARIO,2",2.2675,3.697,0.0385,4.9815,162.475,55.15,-0.042,12.867,368.412,203.89,-0.002,64.097,86.78454954697034,8.678454954697035,10.0,medium,0.0,0.0023,1710.8108,empty,True,current_integrated_after_lookup_initialisation,3.677,4.73,0.0,7.6,0.0,empty,1
2026-05-11T15:53:48+02:00,0,66,16:30,16:30-16:45,True,running,0.810254018,HIGH,80.85503217534594,False,2,2,1,,Demo logging started. Hydrogen state was not reset; the current estimated hydrogen state is used.,"SCENARIO,2",2.13125,3.69825,0.0385,4.979,168.175,60.825,-0.042,14.092,358.423,224.946,-0.002,70.164,87.30610907575334,8.730610907575334,10.0,medium,0.0,0.0018,1710.8108,empty,True,current_integrated_after_lookup_initialisation,3.677,4.75,0.0,7.6,0.0,empty,1
2026-05-11T15:53:56+02:00,0,67,16:45,16:45-17:00,True,running,0.858078673,HIGH,86.55085932921841,False,2,2,1,,Demo logging started. Hydrogen state was not reset; the current estimated hydrogen state is used.,"SCENARIO,2",2.42,3.697,0.0385,4.9765,157.6,60.9,-0.042,15.267,381.392,225.147,-0.002,75.976,87.91404767223277,8.791404767223277,10.0,medium,0.0,0.0017,1710.8108,empty,True,current_integrated_after_lookup_initialisation,3.677,4.73,0.0,7.6,0.0,empty,1
2026-05-11T15:54:03+02:00,0,68,17:00,17:00-17:15,True,running,0.792693423,HIGH,92.24668648309085,False,2,2,1,,Demo logging started. Hydrogen state was not reset; the current estimated hydrogen state is used.,"SCENARIO,2",2.2225,3.69575,0.0385,4.97525,166.075,59.75,-0.042,16.267,369.102,220.821,-0.002,80.932,88.43230235419614,8.843230235419613,10.0,medium,0.0,0.0018,1710.8108,empty,True,current_integrated_after_lookup_initialisation,3.677,4.71,0.0,7.6,0.0,empty,1
2026-05-11T15:54:11+02:00,0,69,17:15,17:15-17:30,True,running,0.865999607,HIGH,94.18501486231813,False,2,2,1,,Demo logging started. Hydrogen state was not reset; the current estimated hydrogen state is used.,"SCENARIO,2",1.9225,3.6895,0.0385,4.974,181.175,55.375,-0.042,17.342,348.309,204.306,-0.002,86.259,89.04039700983058,8.90403970098306,10.0,medium,0.0,0.0019,1710.8108,empty,True,current_integrated_after_lookup_initialisation,3.677,4.61,0.0,7.6,0.0,empty,1
2026-05-11T15:54:18+02:00,0,70,17:30,17:30-17:45,True,running,0.9127033569999999,HIGH,96.12334324154543,False,2,2,1,,Demo logging started. Hydrogen state was not reset; the current estimated hydrogen state is used.,"SCENARIO,2",2.5,3.6995,0.03725,4.97775,156.1,62.55,-0.042,18.017,390.25,231.404,-0.002,89.684,89.56181017017293,8.956181017017293,10.0,medium,0.0,0.0017,1710.8108,empty,True,current_integrated_after_lookup_initialisation,3.677,4.77,0.0,7.6,0.0,empty,1
2026-05-11T15:54:26+02:00,0,71,17:45,17:45-18:00,True,running,0.931160693,HIGH,98.06167162077273,False,2,2,1,,Demo logging started. Hydrogen state was not reset; the current estimated hydrogen state is used.,"SCENARIO,2",2.2125,3.69575,0.0385,4.9865,171.4,60.375,-0.042,18.642,379.222,223.131,-0.002,92.958,90.16955060528757,9.016955060528757,10.0,control_full,0.0,0.0018,1710.8108,empty,True,current_integrated_after_lookup_initialisation,3.677,4.71,0.0,7.6,0.0,empty,1
2026-05-11T15:54:33+02:00,0,72,18:00,18:00-18:15,True,running,0.90978905,HIGH,100.0,False,2,2,1,,Demo logging started. Hydrogen state was not reset; the current estimated hydrogen state is used.,"SCENARIO,2",1.99875,3.697,0.0385,4.97275,178.075,57.225,-0.042,18.617,355.927,211.561,-0.002,92.578,90.69088326425161,9.069088326425161,10.0,control_full,0.0,0.0017,1710.8108,empty,True,current_integrated_after_lookup_initialisation,3.677,4.73,0.0,7.6,0.0,empty,1
2026-05-11T15:54:41+02:00,0,73,18:15,18:15-18:30,True,running,0.9190550590000001,HIGH,97.03315623038347,False,2,2,1,,Demo logging started. Hydrogen state was not reset; the current estimated hydrogen state is used.,"SCENARIO,2",2.25125,3.69825,0.0385,4.974,160.975,58.55,-0.042,18.692,362.395,216.533,-0.002,92.974,91.29778200957183,9.129778200957183,10.0,control_full,0.0,0.0017,1710.8108,empty,True,current_integrated_after_lookup_initialisation,3.677,4.75,0.0,7.6,0.0,empty,1
2026-05-11T15:54:48+02:00,0,74,18:30,18:30-18:45,True,running,0.919877045,HIGH,94.06631246076697,False,2,2,1,,Demo logging started. Hydrogen state was not reset; the current estimated hydrogen state is used.,"SCENARIO,2",2.0425,3.69575,0.0385,4.994,173.8,57.65,-0.042,18.967,354.987,213.06,-0.002,94.721,91.81976673770824,9.181976673770823,10.0,control_full,0.0,0.0017,1710.8108,empty,True,current_integrated_after_lookup_initialisation,3.677,4.71,0.0,7.6,0.0,empty,1
2026-05-11T15:54:56+02:00,0,75,18:45,18:45-19:00,True,running,0.936466232,HIGH,91.09946869115046,False,2,2,1,,Demo logging started. Hydrogen state was not reset; the current estimated hydrogen state is used.,"SCENARIO,2",2.8425,3.70575,0.0385,5.009,139.35,65.65,-0.042,19.292,396.102,243.282,-0.002,96.634,92.42735214158519,9.242735214158518,10.0,control_full,0.0,0.0017,1710.8108,empty,True,current_integrated_after_lookup_initialisation,3.677,4.87,0.0,7.6,0.0,empty,1
2026-05-11T15:55:03+02:00,0,76,19:00,19:00-19:15,True,running,0.924211168,HIGH,88.13262492153393,False,2,2,1,,Demo logging started. Hydrogen state was not reset; the current estimated hydrogen state is used.,"SCENARIO,2",2.2425,3.692,0.0385,4.974,172.325,54.7,-0.042,17.317,386.439,201.952,-0.002,86.135,92.94880783662545,9.294880783662546,10.0,control_full,0.0,0.0017,1710.8108,empty,True,current_integrated_after_lookup_initialisation,3.677,4.65,0.0,7.6,0.0,empty,1
2026-05-11T15:55:11+02:00,0,77,19:15,19:15-19:30,True,running,0.9639654000000001,HIGH,85.60747758760036,False,2,2,1,,Demo logging started. Hydrogen state was not reset; the current estimated hydrogen state is used.,"SCENARIO,2",2.39,3.6995,0.0385,4.9765,152.8,62.225,-0.042,16.467,365.192,230.201,-0.002,81.948,93.48399911846757,9.348399911846757,10.0,control_full,0.0,0.0017,1710.8108,empty,True,current_integrated_after_lookup_initialisation,3.677,4.77,0.0,7.6,0.0,empty,1
2026-05-11T15:55:18+02:00,0,78,19:30,19:30-19:45,True,running,0.9862337179999999,HIGH,83.08233025366677,False,2,2,1,,Demo logging started. Hydrogen state was not reset; the current estimated hydrogen state is used.,"SCENARIO,2",2.1525,3.6945,0.0385,4.989,168.125,55.6,-0.042,16.592,361.889,205.414,-0.002,82.777,94.00491911109877,9.400491911109878,10.0,control_full,0.0,0.0022,1710.8108,empty,True,current_integrated_after_lookup_initialisation,3.677,4.69,0.0,7.6,0.0,empty,1
2026-05-11T15:55:25+02:00,0,79,19:45,19:45-20:00,True,running,1.032788098,HIGH,80.55718291973321,False,2,2,1,,Demo logging started. Hydrogen state was not reset; the current estimated hydrogen state is used.,"SCENARIO,2",2.33,3.70075,0.0385,4.979,160.675,62.35,-0.042,15.217,374.373,230.742,-0.002,75.765,94.52596873830018,9.452596873830018,10.0,control_full,0.0,0.0018,1710.8108,empty,True,current_integrated_after_lookup_initialisation,3.677,4.79,0.0,7.6,0.0,empty,1
2026-05-11T15:55:33+02:00,0,80,20:00,20:00-20:15,True,running,0.968374204,HIGH,78.03203558579962,False,2,2,1,,Demo logging started. Hydrogen state was not reset; the current estimated hydrogen state is used.,"SCENARIO,2",2.34125,3.69575,0.0385,4.979,160.825,55.8,-0.042,15.267,376.532,206.223,-0.002,76.014,95.13385978897624,9.513385978897624,10.0,control_full,0.0,0.0017,1710.8108,empty,True,current_integrated_after_lookup_initialisation,3.677,4.71,0.0,7.6,0.0,empty,1
2026-05-11T15:55:41+02:00,0,81,20:15,20:15-20:30,True,running,0.957987298,HIGH,76.82082956062625,False,2,2,1,,Demo logging started. Hydrogen state was not reset; the current estimated hydrogen state is used.,"SCENARIO,2",2.475,3.69825,0.0385,4.979,154.6,58.175,-0.042,14.842,382.635,215.146,-0.002,73.898,95.74169694042777,9.574169694042777,10.0,control_full,0.0,0.0017,1710.8108,empty,True,current_integrated_after_lookup_initialisation,3.677,4.75,0.0,7.6,0.0,empty,1
2026-05-11T15:55:48+02:00,0,82,20:30,20:30-20:45,True,running,0.996321773,HIGH,75.60962353545288,False,2,2,1,,Demo logging started. Hydrogen state was not reset; the current estimated hydrogen state is used.,"SCENARIO,2",2.2425,3.697,0.0385,4.979,166.05,57.8,-0.042,14.467,372.367,213.687,-0.002,72.031,96.2595056788375,9.62595056788375,10.0,control_full,0.0,0.0018,1710.8108,empty,True,current_integrated_after_lookup_initialisation,3.677,4.73,0.0,7.6,0.0,empty,1
2026-05-11T15:55:55+02:00,0,83,20:45,20:45-21:00,True,running,0.996545943,HIGH,74.39841751027951,False,2,2,1,,Demo logging started. Hydrogen state was not reset; the current estimated hydrogen state is used.,"SCENARIO,2",2.1,3.6945,0.0385,4.9815,169.8,57.475,-0.042,13.742,356.58,212.341,-0.002,68.456,96.78096839301566,9.678096839301565,10.0,control_full,0.0,0.0018,1710.8108,empty,True,current_integrated_after_lookup_initialisation,3.677,4.69,0.0,7.6,0.0,empty,1
2026-05-11T15:56:03+02:00,0,84,21:00,21:00-21:15,True,running,1.011640625,HIGH,73.18721148510615,False,2,2,1,,Demo logging started. Hydrogen state was not reset; the current estimated hydrogen state is used.,"SCENARIO,2",2.94625,3.702,0.0385,4.984,135.375,64.325,-0.042,14.042,398.849,238.131,-0.002,69.985,97.38806596447951,9.73880659644795,10.0,control_full,0.0,0.0016,1710.8108,empty,True,current_integrated_after_lookup_initialisation,3.677,4.81,0.0,7.6,0.0,empty,1
2026-05-11T15:56:10+02:00,0,85,21:15,21:15-21:30,True,running,0.971363311,HIGH,70.68772091934147,False,2,2,1,,Demo logging started. Hydrogen state was not reset; the current estimated hydrogen state is used.,"SCENARIO,2",2.61125,3.70325,0.0385,4.98025,149.975,58.8,-0.042,13.967,391.622,217.751,-0.002,69.559,97.90895574496169,9.790895574496169,10.0,control_full,0.0,0.0015,1710.8108,empty,True,current_integrated_after_lookup_initialisation,3.677,4.83,0.0,7.6,0.0,empty,1
2026-05-11T15:56:18+02:00,0,86,21:30,21:30-21:45,True,running,0.953802657,HIGH,68.18823035357678,False,2,2,1,,Demo logging started. Hydrogen state was not reset; the current estimated hydrogen state is used.,"SCENARIO,2",2.4475,3.69825,0.0385,4.9815,160.45,58.2,-0.042,13.242,392.701,215.238,-0.002,65.965,98.51667122262737,9.851667122262738,10.0,control_full,0.0,0.0017,1710.8108,empty,True,current_integrated_after_lookup_initialisation,3.677,4.75,0.0,7.6,0.0,empty,1
2026-05-11T15:56:25+02:00,0,87,21:45,21:45-22:00,True,running,0.8903603050000001,HIGH,65.6887397878121,False,2,2,1,,Demo logging started. Hydrogen state was not reset; the current estimated hydrogen state is used.,"SCENARIO,2",2.45625,3.6945,0.0385,4.994,157.3,58.425,-0.042,12.967,386.368,215.851,-0.002,64.757,99.03811518876353,9.903811518876353,10.0,control_full,0.0,0.0017,1710.8108,empty,True,current_integrated_after_lookup_initialisation,3.677,4.69,0.0,7.6,0.0,empty,1
2026-05-11T15:56:33+02:00,0,88,22:00,22:00-22:15,True,running,0.942967409,HIGH,63.18924922204742,False,2,2,1,,Demo logging started. Hydrogen state was not reset; the current estimated hydrogen state is used.,"SCENARIO,2",2.37375,3.697,0.03725,5.0015,158.775,57.975,-0.042,13.242,376.892,214.334,-0.002,66.23,99.64585047780992,9.964585047780991,10.0,control_full,0.0,0.0016,1710.8108,empty,True,current_integrated_after_lookup_initialisation,3.677,4.73,0.0,7.6,0.0,empty,1
2026-05-11T15:56:40+02:00,0,89,22:15,22:15-22:30,True,running,0.9042593409999999,HIGH,59.77565441480209,False,2,2,1,,Demo logging started. Hydrogen state was not reset; the current estimated hydrogen state is used.,"SCENARIO,2",2.1925,3.69825,0.0385,4.984,170.15,59.65,-0.042,11.592,373.054,220.601,-0.002,57.775,100.0,10.0,10.0,control_full,0.0,0.0016,1710.8108,empty,True,current_integrated_after_lookup_initialisation,3.677,4.75,0.0,7.6,0.0,empty,1
2026-05-11T15:56:48+02:00,0,90,22:30,22:30-22:45,True,running,0.910611043,HIGH,56.362059607556766,False,2,2,1,,Demo logging started. Hydrogen state was not reset; the current estimated hydrogen state is used.,"SCENARIO,2",2.4525,3.69575,0.0385,4.984,156.925,59.875,-0.042,11.617,384.859,221.283,-0.002,57.899,100.0,10.0,10.0,control_full,0.0,0.0017,1710.8108,empty,True,current_integrated_after_lookup_initialisation,3.677,4.71,0.0,7.6,0.0,empty,1
2026-05-11T15:56:55+02:00,0,91,22:45,22:45-23:00,True,running,0.846869773,HIGH,52.948464800311456,False,2,2,1,,Demo logging started. Hydrogen state was not reset; the current estimated hydrogen state is used.,"SCENARIO,2",2.6375,3.707,0.03725,5.01525,149.55,68.325,-0.042,11.042,394.438,253.281,-0.002,55.378,100.0,10.0,10.0,control_full,0.0,0.0023,1710.8108,empty,True,current_integrated_after_lookup_initialisation,3.677,4.89,0.0,7.6,0.0,empty,1
2026-05-11T15:57:03+02:00,0,92,23:00,23:00-23:15,True,running,0.8917800539999999,HIGH,49.53486999306613,False,2,2,1,,Demo logging started. Hydrogen state was not reset; the current estimated hydrogen state is used.,"SCENARIO,2",1.945,3.69325,0.03725,5.0315,179.375,55.675,-0.042,11.642,348.884,205.622,-0.002,58.577,100.0,10.0,10.0,control_full,0.0,0.0024,1710.8108,empty,True,current_integrated_after_lookup_initialisation,3.677,4.67,0.0,7.6,0.0,empty,1
2026-05-11T15:57:10+02:00,0,93,23:15,23:15-23:30,True,running,0.8075638820000001,HIGH,48.58917934037233,False,2,2,1,,Demo logging started. Hydrogen state was not reset; the current estimated hydrogen state is used.,"SCENARIO,2",2.36375,3.6995,0.0385,4.98775,163.975,60.425,-0.042,9.092,387.596,223.542,-0.002,45.349,100.0,10.0,10.0,control_full,0.0,0.0017,1710.8108,empty,True,current_integrated_after_lookup_initialisation,3.677,4.77,0.0,7.6,0.0,empty,1
2026-05-11T15:57:18+02:00,0,94,23:30,23:30-23:45,True,running,0.784025177,HIGH,47.64348868767852,False,2,2,1,,Demo logging started. Hydrogen state was not reset; the current estimated hydrogen state is used.,"SCENARIO,2",2.18375,3.697,0.0385,4.98775,163.825,58.125,-0.042,9.092,357.753,214.888,-0.002,45.349,100.0,10.0,10.0,control_full,0.0,0.0017,1710.8108,empty,True,current_integrated_after_lookup_initialisation,3.677,4.73,0.0,7.6,0.0,empty,1
2026-05-11T15:57:25+02:00,0,95,23:45,23:45-00:00,True,running,0.741580809,HIGH,46.697798034984714,False,2,2,1,,Demo logging started. Hydrogen state was not reset; the current estimated hydrogen state is used.,"SCENARIO,2",2.3825,3.69325,0.03725,4.9865,160.25,57.15,-0.042,9.092,381.796,211.069,-0.002,45.337,100.0,10.0,10.0,control_full,0.0,0.0017,1710.8108,empty,True,current_integrated_after_lookup_initialisation,3.677,4.67,0.0,7.6,0.0,empty,1
