TimeUTC;TimeDK;RegionName;ConsumerCategory3;ConsumerCategory2;ConsumptionkWh
2025-04-30 22:00:00;2025-05-01 00:00:00;Region Hovedstaden;Privat;Privat;204683,646000
2025-04-30 23:00:00;2025-05-01 01:00:00;Region Hovedstaden;Privat;Privat;207073,171000
2025-05-01 00:00:00;2025-05-01 02:00:00;Region Hovedstaden;Privat;Privat;201825,504000
2025-05-01 01:00:00;2025-05-01 03:00:00;Region Hovedstaden;Privat;Privat;176767,966000
2025-05-01 02:00:00;2025-05-01 04:00:00;Region Hovedstaden;Privat;Privat;160638,754000
2025-05-01 03:00:00;2025-05-01 05:00:00;Region Hovedstaden;Privat;Privat;173754,154000
2025-05-01 04:00:00;2025-05-01 06:00:00;Region Hovedstaden;Privat;Privat;198572,399000
2025-05-01 05:00:00;2025-05-01 07:00:00;Region Hovedstaden;Privat;Privat;226732,879000
2025-05-01 06:00:00;2025-05-01 08:00:00;Region Hovedstaden;Privat;Privat;229613,701000
2025-05-01 07:00:00;2025-05-01 09:00:00;Region Hovedstaden;Privat;Privat;231895,966000
2025-05-01 08:00:00;2025-05-01 10:00:00;Region Hovedstaden;Privat;Privat;234382,746000
2025-05-01 09:00:00;2025-05-01 11:00:00;Region Hovedstaden;Privat;Privat;238366,631000
2025-05-01 10:00:00;2025-05-01 12:00:00;Region Hovedstaden;Privat;Privat;239280,376000
2025-05-01 11:00:00;2025-05-01 13:00:00;Region Hovedstaden;Privat;Privat;234059,171000
2025-05-01 12:00:00;2025-05-01 14:00:00;Region Hovedstaden;Privat;Privat;230979,555000
2025-05-01 13:00:00;2025-05-01 15:00:00;Region Hovedstaden;Privat;Privat;231433,699000
2025-05-01 14:00:00;2025-05-01 16:00:00;Region Hovedstaden;Privat;Privat;252052,193000
2025-05-01 15:00:00;2025-05-01 17:00:00;Region Hovedstaden;Privat;Privat;296421,187000
2025-05-01 16:00:00;2025-05-01 18:00:00;Region Hovedstaden;Privat;Privat;315036,174000
2025-05-01 17:00:00;2025-05-01 19:00:00;Region Hovedstaden;Privat;Privat;296215,144000
2025-05-01 18:00:00;2025-05-01 20:00:00;Region Hovedstaden;Privat;Privat;283732,897000
2025-05-01 19:00:00;2025-05-01 21:00:00;Region Hovedstaden;Privat;Privat;278271,537000
2025-05-01 20:00:00;2025-05-01 22:00:00;Region Hovedstaden;Privat;Privat;248946,351000
2025-05-01 21:00:00;2025-05-01 23:00:00;Region Hovedstaden;Privat;Privat;213065,274000
2025-05-01 22:00:00;2025-05-02 00:00:00;Region Hovedstaden;Privat;Privat;211283,752000
2025-05-01 23:00:00;2025-05-02 01:00:00;Region Hovedstaden;Privat;Privat;208880,172000
2025-05-02 00:00:00;2025-05-02 02:00:00;Region Hovedstaden;Privat;Privat;201335,587000
2025-05-02 01:00:00;2025-05-02 03:00:00;Region Hovedstaden;Privat;Privat;180660,953000
2025-05-02 02:00:00;2025-05-02 04:00:00;Region Hovedstaden;Privat;Privat;158816,364000
2025-05-02 03:00:00;2025-05-02 05:00:00;Region Hovedstaden;Privat;Privat;150781,421000
2025-05-02 04:00:00;2025-05-02 06:00:00;Region Hovedstaden;Privat;Privat;184763,917000
2025-05-02 05:00:00;2025-05-02 07:00:00;Region Hovedstaden;Privat;Privat;213816,566000
2025-05-02 06:00:00;2025-05-02 08:00:00;Region Hovedstaden;Privat;Privat;212886,801000
2025-05-02 07:00:00;2025-05-02 09:00:00;Region Hovedstaden;Privat;Privat;212593,749000
2025-05-02 08:00:00;2025-05-02 10:00:00;Region Hovedstaden;Privat;Privat;233087,452000
2025-05-02 09:00:00;2025-05-02 11:00:00;Region Hovedstaden;Privat;Privat;243149,074000
2025-05-02 10:00:00;2025-05-02 12:00:00;Region Hovedstaden;Privat;Privat;250186,857000
2025-05-02 11:00:00;2025-05-02 13:00:00;Region Hovedstaden;Privat;Privat;244180,065000
2025-05-02 12:00:00;2025-05-02 14:00:00;Region Hovedstaden;Privat;Privat;241670,738000
2025-05-02 13:00:00;2025-05-02 15:00:00;Region Hovedstaden;Privat;Privat;247508,165000
2025-05-02 14:00:00;2025-05-02 16:00:00;Region Hovedstaden;Privat;Privat;270805,438000
2025-05-02 15:00:00;2025-05-02 17:00:00;Region Hovedstaden;Privat;Privat;306283,651000
2025-05-02 16:00:00;2025-05-02 18:00:00;Region Hovedstaden;Privat;Privat;322980,233000
2025-05-02 17:00:00;2025-05-02 19:00:00;Region Hovedstaden;Privat;Privat;299943,889000
2025-05-02 18:00:00;2025-05-02 20:00:00;Region Hovedstaden;Privat;Privat;277695,124000
2025-05-02 19:00:00;2025-05-02 21:00:00;Region Hovedstaden;Privat;Privat;272459,970000
2025-05-02 20:00:00;2025-05-02 22:00:00;Region Hovedstaden;Privat;Privat;253391,549000
2025-05-02 21:00:00;2025-05-02 23:00:00;Region Hovedstaden;Privat;Privat;228258,396000
2025-05-02 22:00:00;2025-05-03 00:00:00;Region Hovedstaden;Privat;Privat;229048,828000
2025-05-02 23:00:00;2025-05-03 01:00:00;Region Hovedstaden;Privat;Privat;218198,947000
2025-05-03 00:00:00;2025-05-03 02:00:00;Region Hovedstaden;Privat;Privat;198313,558000
2025-05-03 01:00:00;2025-05-03 03:00:00;Region Hovedstaden;Privat;Privat;173718,272000
2025-05-03 02:00:00;2025-05-03 04:00:00;Region Hovedstaden;Privat;Privat;158550,888000
2025-05-03 03:00:00;2025-05-03 05:00:00;Region Hovedstaden;Privat;Privat;152698,718000
2025-05-03 04:00:00;2025-05-03 06:00:00;Region Hovedstaden;Privat;Privat;165687,168000
2025-05-03 05:00:00;2025-05-03 07:00:00;Region Hovedstaden;Privat;Privat;207192,486000
2025-05-03 06:00:00;2025-05-03 08:00:00;Region Hovedstaden;Privat;Privat;255090,966000
2025-05-03 07:00:00;2025-05-03 09:00:00;Region Hovedstaden;Privat;Privat;291455,744000
2025-05-03 08:00:00;2025-05-03 10:00:00;Region Hovedstaden;Privat;Privat;311455,501000
2025-05-03 09:00:00;2025-05-03 11:00:00;Region Hovedstaden;Privat;Privat;313770,712000
2025-05-03 10:00:00;2025-05-03 12:00:00;Region Hovedstaden;Privat;Privat;309193,164000
2025-05-03 11:00:00;2025-05-03 13:00:00;Region Hovedstaden;Privat;Privat;300221,954000
2025-05-03 12:00:00;2025-05-03 14:00:00;Region Hovedstaden;Privat;Privat;292557,546000
2025-05-03 13:00:00;2025-05-03 15:00:00;Region Hovedstaden;Privat;Privat;296229,172000
2025-05-03 14:00:00;2025-05-03 16:00:00;Region Hovedstaden;Privat;Privat;315835,068000
2025-05-03 15:00:00;2025-05-03 17:00:00;Region Hovedstaden;Privat;Privat;351671,609000
2025-05-03 16:00:00;2025-05-03 18:00:00;Region Hovedstaden;Privat;Privat;363258,573000
2025-05-03 17:00:00;2025-05-03 19:00:00;Region Hovedstaden;Privat;Privat;329679,332000
2025-05-03 18:00:00;2025-05-03 20:00:00;Region Hovedstaden;Privat;Privat;303588,161000
2025-05-03 19:00:00;2025-05-03 21:00:00;Region Hovedstaden;Privat;Privat;286383,556000
2025-05-03 20:00:00;2025-05-03 22:00:00;Region Hovedstaden;Privat;Privat;262090,744000
2025-05-03 21:00:00;2025-05-03 23:00:00;Region Hovedstaden;Privat;Privat;234349,082000
2025-05-03 22:00:00;2025-05-04 00:00:00;Region Hovedstaden;Privat;Privat;219463,552000
2025-05-03 23:00:00;2025-05-04 01:00:00;Region Hovedstaden;Privat;Privat;208426,536000
2025-05-04 00:00:00;2025-05-04 02:00:00;Region Hovedstaden;Privat;Privat;201092,956000
2025-05-04 01:00:00;2025-05-04 03:00:00;Region Hovedstaden;Privat;Privat;196780,138000
2025-05-04 02:00:00;2025-05-04 04:00:00;Region Hovedstaden;Privat;Privat;190209,051000
2025-05-04 03:00:00;2025-05-04 05:00:00;Region Hovedstaden;Privat;Privat;183706,985000
2025-05-04 04:00:00;2025-05-04 06:00:00;Region Hovedstaden;Privat;Privat;184669,120000
2025-05-04 05:00:00;2025-05-04 07:00:00;Region Hovedstaden;Privat;Privat;219828,933000
2025-05-04 06:00:00;2025-05-04 08:00:00;Region Hovedstaden;Privat;Privat;275654,923000
2025-05-04 07:00:00;2025-05-04 09:00:00;Region Hovedstaden;Privat;Privat;311317,231000
2025-05-04 08:00:00;2025-05-04 10:00:00;Region Hovedstaden;Privat;Privat;324482,433000
2025-05-04 09:00:00;2025-05-04 11:00:00;Region Hovedstaden;Privat;Privat;326209,528000
2025-05-04 10:00:00;2025-05-04 12:00:00;Region Hovedstaden;Privat;Privat;328143,237000
2025-05-04 11:00:00;2025-05-04 13:00:00;Region Hovedstaden;Privat;Privat;325528,110000
2025-05-04 12:00:00;2025-05-04 14:00:00;Region Hovedstaden;Privat;Privat;323126,376000
2025-05-04 13:00:00;2025-05-04 15:00:00;Region Hovedstaden;Privat;Privat;320824,463000
2025-05-04 14:00:00;2025-05-04 16:00:00;Region Hovedstaden;Privat;Privat;335156,859000
2025-05-04 15:00:00;2025-05-04 17:00:00;Region Hovedstaden;Privat;Privat;374493,677000
2025-05-04 16:00:00;2025-05-04 18:00:00;Region Hovedstaden;Privat;Privat;389215,919000
2025-05-04 17:00:00;2025-05-04 19:00:00;Region Hovedstaden;Privat;Privat;353658,940000
2025-05-04 18:00:00;2025-05-04 20:00:00;Region Hovedstaden;Privat;Privat;328138,427000
2025-05-04 19:00:00;2025-05-04 21:00:00;Region Hovedstaden;Privat;Privat;312352,682000
2025-05-04 20:00:00;2025-05-04 22:00:00;Region Hovedstaden;Privat;Privat;275817,299000
2025-05-04 21:00:00;2025-05-04 23:00:00;Region Hovedstaden;Privat;Privat;238233,942000
2025-05-04 22:00:00;2025-05-05 00:00:00;Region Hovedstaden;Privat;Privat;237327,926000
2025-05-04 23:00:00;2025-05-05 01:00:00;Region Hovedstaden;Privat;Privat;246679,763000
2025-05-05 00:00:00;2025-05-05 02:00:00;Region Hovedstaden;Privat;Privat;227546,378000
2025-05-05 01:00:00;2025-05-05 03:00:00;Region Hovedstaden;Privat;Privat;205149,784000
2025-05-05 02:00:00;2025-05-05 04:00:00;Region Hovedstaden;Privat;Privat;190427,989000
2025-05-05 03:00:00;2025-05-05 05:00:00;Region Hovedstaden;Privat;Privat;192998,070000
2025-05-05 04:00:00;2025-05-05 06:00:00;Region Hovedstaden;Privat;Privat;228240,992000
2025-05-05 05:00:00;2025-05-05 07:00:00;Region Hovedstaden;Privat;Privat;245754,248000
2025-05-05 06:00:00;2025-05-05 08:00:00;Region Hovedstaden;Privat;Privat;230805,455000
2025-05-05 07:00:00;2025-05-05 09:00:00;Region Hovedstaden;Privat;Privat;220627,560000
2025-05-05 08:00:00;2025-05-05 10:00:00;Region Hovedstaden;Privat;Privat;213329,063000
2025-05-05 09:00:00;2025-05-05 11:00:00;Region Hovedstaden;Privat;Privat;214324,531000
2025-05-05 10:00:00;2025-05-05 12:00:00;Region Hovedstaden;Privat;Privat;219984,174000
2025-05-05 11:00:00;2025-05-05 13:00:00;Region Hovedstaden;Privat;Privat;216275,133000
2025-05-05 12:00:00;2025-05-05 14:00:00;Region Hovedstaden;Privat;Privat;214506,009000
2025-05-05 13:00:00;2025-05-05 15:00:00;Region Hovedstaden;Privat;Privat;221440,660000
2025-05-05 14:00:00;2025-05-05 16:00:00;Region Hovedstaden;Privat;Privat;255262,452000
2025-05-05 15:00:00;2025-05-05 17:00:00;Region Hovedstaden;Privat;Privat;330331,888000
2025-05-05 16:00:00;2025-05-05 18:00:00;Region Hovedstaden;Privat;Privat;354833,125000
2025-05-05 17:00:00;2025-05-05 19:00:00;Region Hovedstaden;Privat;Privat;328059,144000
2025-05-05 18:00:00;2025-05-05 20:00:00;Region Hovedstaden;Privat;Privat;305612,914000
2025-05-05 19:00:00;2025-05-05 21:00:00;Region Hovedstaden;Privat;Privat;295858,301000
2025-05-05 20:00:00;2025-05-05 22:00:00;Region Hovedstaden;Privat;Privat;267800,770000
2025-05-05 21:00:00;2025-05-05 23:00:00;Region Hovedstaden;Privat;Privat;252361,431000
2025-05-05 22:00:00;2025-05-06 00:00:00;Region Hovedstaden;Privat;Privat;255767,489000
2025-05-05 23:00:00;2025-05-06 01:00:00;Region Hovedstaden;Privat;Privat;233245,002000
2025-05-06 00:00:00;2025-05-06 02:00:00;Region Hovedstaden;Privat;Privat;216693,041000
2025-05-06 01:00:00;2025-05-06 03:00:00;Region Hovedstaden;Privat;Privat;188350,813000
2025-05-06 02:00:00;2025-05-06 04:00:00;Region Hovedstaden;Privat;Privat;162917,440000
2025-05-06 03:00:00;2025-05-06 05:00:00;Region Hovedstaden;Privat;Privat;166257,745000
2025-05-06 04:00:00;2025-05-06 06:00:00;Region Hovedstaden;Privat;Privat;202652,655000
2025-05-06 05:00:00;2025-05-06 07:00:00;Region Hovedstaden;Privat;Privat;225856,413000
2025-05-06 06:00:00;2025-05-06 08:00:00;Region Hovedstaden;Privat;Privat;215526,289000
2025-05-06 07:00:00;2025-05-06 09:00:00;Region Hovedstaden;Privat;Privat;208053,290000
2025-05-06 08:00:00;2025-05-06 10:00:00;Region Hovedstaden;Privat;Privat;202146,879000
2025-05-06 09:00:00;2025-05-06 11:00:00;Region Hovedstaden;Privat;Privat;202661,346000
2025-05-06 10:00:00;2025-05-06 12:00:00;Region Hovedstaden;Privat;Privat;214030,001000
2025-05-06 11:00:00;2025-05-06 13:00:00;Region Hovedstaden;Privat;Privat;213370,784000
2025-05-06 12:00:00;2025-05-06 14:00:00;Region Hovedstaden;Privat;Privat;213497,960000
2025-05-06 13:00:00;2025-05-06 15:00:00;Region Hovedstaden;Privat;Privat;222831,097000
2025-05-06 14:00:00;2025-05-06 16:00:00;Region Hovedstaden;Privat;Privat;257818,735000
2025-05-06 15:00:00;2025-05-06 17:00:00;Region Hovedstaden;Privat;Privat;320882,946000
2025-05-06 16:00:00;2025-05-06 18:00:00;Region Hovedstaden;Privat;Privat;342311,197000
2025-05-06 17:00:00;2025-05-06 19:00:00;Region Hovedstaden;Privat;Privat;318346,252000
2025-05-06 18:00:00;2025-05-06 20:00:00;Region Hovedstaden;Privat;Privat;298538,665000
2025-05-06 19:00:00;2025-05-06 21:00:00;Region Hovedstaden;Privat;Privat;290540,784000
2025-05-06 20:00:00;2025-05-06 22:00:00;Region Hovedstaden;Privat;Privat;263336,330000
2025-05-06 21:00:00;2025-05-06 23:00:00;Region Hovedstaden;Privat;Privat;233698,861000
2025-05-06 22:00:00;2025-05-07 00:00:00;Region Hovedstaden;Privat;Privat;237262,544000
2025-05-06 23:00:00;2025-05-07 01:00:00;Region Hovedstaden;Privat;Privat;237796,045000
2025-05-07 00:00:00;2025-05-07 02:00:00;Region Hovedstaden;Privat;Privat;216739,449000
2025-05-07 01:00:00;2025-05-07 03:00:00;Region Hovedstaden;Privat;Privat;187365,877000
2025-05-07 02:00:00;2025-05-07 04:00:00;Region Hovedstaden;Privat;Privat;168915,859000
2025-05-07 03:00:00;2025-05-07 05:00:00;Region Hovedstaden;Privat;Privat;173987,162000
2025-05-07 04:00:00;2025-05-07 06:00:00;Region Hovedstaden;Privat;Privat;209757,814000
2025-05-07 05:00:00;2025-05-07 07:00:00;Region Hovedstaden;Privat;Privat;229681,929000
2025-05-07 06:00:00;2025-05-07 08:00:00;Region Hovedstaden;Privat;Privat;218535,090000
2025-05-07 07:00:00;2025-05-07 09:00:00;Region Hovedstaden;Privat;Privat;210259,487000
2025-05-07 08:00:00;2025-05-07 10:00:00;Region Hovedstaden;Privat;Privat;204066,811000
2025-05-07 09:00:00;2025-05-07 11:00:00;Region Hovedstaden;Privat;Privat;205556,348000
2025-05-07 10:00:00;2025-05-07 12:00:00;Region Hovedstaden;Privat;Privat;213091,609000
2025-05-07 11:00:00;2025-05-07 13:00:00;Region Hovedstaden;Privat;Privat;209721,720000
2025-05-07 12:00:00;2025-05-07 14:00:00;Region Hovedstaden;Privat;Privat;210507,031000
2025-05-07 13:00:00;2025-05-07 15:00:00;Region Hovedstaden;Privat;Privat;218543,446000
2025-05-07 14:00:00;2025-05-07 16:00:00;Region Hovedstaden;Privat;Privat;254051,505000
2025-05-07 15:00:00;2025-05-07 17:00:00;Region Hovedstaden;Privat;Privat;318381,335000
2025-05-07 16:00:00;2025-05-07 18:00:00;Region Hovedstaden;Privat;Privat;335897,758000
2025-05-07 17:00:00;2025-05-07 19:00:00;Region Hovedstaden;Privat;Privat;310069,066000
2025-05-07 18:00:00;2025-05-07 20:00:00;Region Hovedstaden;Privat;Privat;291779,854000
2025-05-07 19:00:00;2025-05-07 21:00:00;Region Hovedstaden;Privat;Privat;287512,988000
2025-05-07 20:00:00;2025-05-07 22:00:00;Region Hovedstaden;Privat;Privat;262604,451000
2025-05-07 21:00:00;2025-05-07 23:00:00;Region Hovedstaden;Privat;Privat;233338,476000
2025-05-07 22:00:00;2025-05-08 00:00:00;Region Hovedstaden;Privat;Privat;231968,129000
2025-05-07 23:00:00;2025-05-08 01:00:00;Region Hovedstaden;Privat;Privat;241346,496000
2025-05-08 00:00:00;2025-05-08 02:00:00;Region Hovedstaden;Privat;Privat;222388,219000
2025-05-08 01:00:00;2025-05-08 03:00:00;Region Hovedstaden;Privat;Privat;192203,064000
2025-05-08 02:00:00;2025-05-08 04:00:00;Region Hovedstaden;Privat;Privat;170072,335000
2025-05-08 03:00:00;2025-05-08 05:00:00;Region Hovedstaden;Privat;Privat;168776,298000
2025-05-08 04:00:00;2025-05-08 06:00:00;Region Hovedstaden;Privat;Privat;203762,091000
2025-05-08 05:00:00;2025-05-08 07:00:00;Region Hovedstaden;Privat;Privat;227490,851000
2025-05-08 06:00:00;2025-05-08 08:00:00;Region Hovedstaden;Privat;Privat;217799,386000
2025-05-08 07:00:00;2025-05-08 09:00:00;Region Hovedstaden;Privat;Privat;210734,452000
2025-05-08 08:00:00;2025-05-08 10:00:00;Region Hovedstaden;Privat;Privat;204461,539000
2025-05-08 09:00:00;2025-05-08 11:00:00;Region Hovedstaden;Privat;Privat;207282,400000
2025-05-08 10:00:00;2025-05-08 12:00:00;Region Hovedstaden;Privat;Privat;215402,190000
2025-05-08 11:00:00;2025-05-08 13:00:00;Region Hovedstaden;Privat;Privat;211958,553000
2025-05-08 12:00:00;2025-05-08 14:00:00;Region Hovedstaden;Privat;Privat;210532,041000
2025-05-08 13:00:00;2025-05-08 15:00:00;Region Hovedstaden;Privat;Privat;218832,951000
2025-05-08 14:00:00;2025-05-08 16:00:00;Region Hovedstaden;Privat;Privat;250405,564000
2025-05-08 15:00:00;2025-05-08 17:00:00;Region Hovedstaden;Privat;Privat;308074,187000
2025-05-08 16:00:00;2025-05-08 18:00:00;Region Hovedstaden;Privat;Privat;327041,102000
2025-05-08 17:00:00;2025-05-08 19:00:00;Region Hovedstaden;Privat;Privat;304980,372000
2025-05-08 18:00:00;2025-05-08 20:00:00;Region Hovedstaden;Privat;Privat;289186,370000
2025-05-08 19:00:00;2025-05-08 21:00:00;Region Hovedstaden;Privat;Privat;284481,766000
2025-05-08 20:00:00;2025-05-08 22:00:00;Region Hovedstaden;Privat;Privat;262295,083000
2025-05-08 21:00:00;2025-05-08 23:00:00;Region Hovedstaden;Privat;Privat;229699,410000
2025-05-08 22:00:00;2025-05-09 00:00:00;Region Hovedstaden;Privat;Privat;229141,073000
2025-05-08 23:00:00;2025-05-09 01:00:00;Region Hovedstaden;Privat;Privat;234084,249000
2025-05-09 00:00:00;2025-05-09 02:00:00;Region Hovedstaden;Privat;Privat;223207,995000
2025-05-09 01:00:00;2025-05-09 03:00:00;Region Hovedstaden;Privat;Privat;194196,333000
2025-05-09 02:00:00;2025-05-09 04:00:00;Region Hovedstaden;Privat;Privat;169768,143000
2025-05-09 03:00:00;2025-05-09 05:00:00;Region Hovedstaden;Privat;Privat;167316,421000
2025-05-09 04:00:00;2025-05-09 06:00:00;Region Hovedstaden;Privat;Privat;198325,930000
2025-05-09 05:00:00;2025-05-09 07:00:00;Region Hovedstaden;Privat;Privat;225513,486000
2025-05-09 06:00:00;2025-05-09 08:00:00;Region Hovedstaden;Privat;Privat;221379,140000
2025-05-09 07:00:00;2025-05-09 09:00:00;Region Hovedstaden;Privat;Privat;217847,512000
2025-05-09 08:00:00;2025-05-09 10:00:00;Region Hovedstaden;Privat;Privat;217777,878000
2025-05-09 09:00:00;2025-05-09 11:00:00;Region Hovedstaden;Privat;Privat;223670,460000
2025-05-09 10:00:00;2025-05-09 12:00:00;Region Hovedstaden;Privat;Privat;235698,478000
2025-05-09 11:00:00;2025-05-09 13:00:00;Region Hovedstaden;Privat;Privat;243368,317000
2025-05-09 12:00:00;2025-05-09 14:00:00;Region Hovedstaden;Privat;Privat;249002,451000
2025-05-09 13:00:00;2025-05-09 15:00:00;Region Hovedstaden;Privat;Privat;255452,577000
2025-05-09 14:00:00;2025-05-09 16:00:00;Region Hovedstaden;Privat;Privat;285109,811000
2025-05-09 15:00:00;2025-05-09 17:00:00;Region Hovedstaden;Privat;Privat;334211,424000
2025-05-09 16:00:00;2025-05-09 18:00:00;Region Hovedstaden;Privat;Privat;350760,542000
2025-05-09 17:00:00;2025-05-09 19:00:00;Region Hovedstaden;Privat;Privat;319797,254000
2025-05-09 18:00:00;2025-05-09 20:00:00;Region Hovedstaden;Privat;Privat;291584,723000
2025-05-09 19:00:00;2025-05-09 21:00:00;Region Hovedstaden;Privat;Privat;276662,492000
2025-05-09 20:00:00;2025-05-09 22:00:00;Region Hovedstaden;Privat;Privat;254429,372000
2025-05-09 21:00:00;2025-05-09 23:00:00;Region Hovedstaden;Privat;Privat;229373,799000
2025-05-09 22:00:00;2025-05-10 00:00:00;Region Hovedstaden;Privat;Privat;216755,321000
2025-05-09 23:00:00;2025-05-10 01:00:00;Region Hovedstaden;Privat;Privat;206228,765000
2025-05-10 00:00:00;2025-05-10 02:00:00;Region Hovedstaden;Privat;Privat;203900,566000
2025-05-10 01:00:00;2025-05-10 03:00:00;Region Hovedstaden;Privat;Privat;185675,970000
2025-05-10 02:00:00;2025-05-10 04:00:00;Region Hovedstaden;Privat;Privat;164368,250000
2025-05-10 03:00:00;2025-05-10 05:00:00;Region Hovedstaden;Privat;Privat;154115,385000
2025-05-10 04:00:00;2025-05-10 06:00:00;Region Hovedstaden;Privat;Privat;164698,739000
2025-05-10 05:00:00;2025-05-10 07:00:00;Region Hovedstaden;Privat;Privat;207495,811000
2025-05-10 06:00:00;2025-05-10 08:00:00;Region Hovedstaden;Privat;Privat;259971,250000
2025-05-10 07:00:00;2025-05-10 09:00:00;Region Hovedstaden;Privat;Privat;294373,184000
2025-05-10 08:00:00;2025-05-10 10:00:00;Region Hovedstaden;Privat;Privat;327489,955000
2025-05-10 09:00:00;2025-05-10 11:00:00;Region Hovedstaden;Privat;Privat;338425,557000
2025-05-10 10:00:00;2025-05-10 12:00:00;Region Hovedstaden;Privat;Privat;342289,052000
2025-05-10 11:00:00;2025-05-10 13:00:00;Region Hovedstaden;Privat;Privat;333964,445000
2025-05-10 12:00:00;2025-05-10 14:00:00;Region Hovedstaden;Privat;Privat;316960,081000
2025-05-10 13:00:00;2025-05-10 15:00:00;Region Hovedstaden;Privat;Privat;308375,442000
2025-05-10 14:00:00;2025-05-10 16:00:00;Region Hovedstaden;Privat;Privat;310108,057000
2025-05-10 15:00:00;2025-05-10 17:00:00;Region Hovedstaden;Privat;Privat;336642,925000
2025-05-10 16:00:00;2025-05-10 18:00:00;Region Hovedstaden;Privat;Privat;348549,009000
2025-05-10 17:00:00;2025-05-10 19:00:00;Region Hovedstaden;Privat;Privat;318749,959000
2025-05-10 18:00:00;2025-05-10 20:00:00;Region Hovedstaden;Privat;Privat;292412,910000
2025-05-10 19:00:00;2025-05-10 21:00:00;Region Hovedstaden;Privat;Privat;283115,247000
2025-05-10 20:00:00;2025-05-10 22:00:00;Region Hovedstaden;Privat;Privat;265442,528000
2025-05-10 21:00:00;2025-05-10 23:00:00;Region Hovedstaden;Privat;Privat;239713,468000
2025-05-10 22:00:00;2025-05-11 00:00:00;Region Hovedstaden;Privat;Privat;224267,116000
2025-05-10 23:00:00;2025-05-11 01:00:00;Region Hovedstaden;Privat;Privat;222391,439000
2025-05-11 00:00:00;2025-05-11 02:00:00;Region Hovedstaden;Privat;Privat;206856,301000
2025-05-11 01:00:00;2025-05-11 03:00:00;Region Hovedstaden;Privat;Privat;188163,629000
2025-05-11 02:00:00;2025-05-11 04:00:00;Region Hovedstaden;Privat;Privat;174216,812000
2025-05-11 03:00:00;2025-05-11 05:00:00;Region Hovedstaden;Privat;Privat;168354,877000
2025-05-11 04:00:00;2025-05-11 06:00:00;Region Hovedstaden;Privat;Privat;177397,941000
2025-05-11 05:00:00;2025-05-11 07:00:00;Region Hovedstaden;Privat;Privat;216826,858000
2025-05-11 06:00:00;2025-05-11 08:00:00;Region Hovedstaden;Privat;Privat;274417,465000
2025-05-11 07:00:00;2025-05-11 09:00:00;Region Hovedstaden;Privat;Privat;310468,711000
2025-05-11 08:00:00;2025-05-11 10:00:00;Region Hovedstaden;Privat;Privat;323406,019000
2025-05-11 09:00:00;2025-05-11 11:00:00;Region Hovedstaden;Privat;Privat;324481,372000
2025-05-11 10:00:00;2025-05-11 12:00:00;Region Hovedstaden;Privat;Privat;319672,068000
2025-05-11 11:00:00;2025-05-11 13:00:00;Region Hovedstaden;Privat;Privat;308015,090000
2025-05-11 12:00:00;2025-05-11 14:00:00;Region Hovedstaden;Privat;Privat;298395,517000
2025-05-11 13:00:00;2025-05-11 15:00:00;Region Hovedstaden;Privat;Privat;293575,748000
2025-05-11 14:00:00;2025-05-11 16:00:00;Region Hovedstaden;Privat;Privat;306813,725000
2025-05-11 15:00:00;2025-05-11 17:00:00;Region Hovedstaden;Privat;Privat;346304,285000
2025-05-11 16:00:00;2025-05-11 18:00:00;Region Hovedstaden;Privat;Privat;361330,191000
2025-05-11 17:00:00;2025-05-11 19:00:00;Region Hovedstaden;Privat;Privat;332699,755000
2025-05-11 18:00:00;2025-05-11 20:00:00;Region Hovedstaden;Privat;Privat;308706,253000
2025-05-11 19:00:00;2025-05-11 21:00:00;Region Hovedstaden;Privat;Privat;296355,186000
2025-05-11 20:00:00;2025-05-11 22:00:00;Region Hovedstaden;Privat;Privat;269408,620000
2025-05-11 21:00:00;2025-05-11 23:00:00;Region Hovedstaden;Privat;Privat;237573,318000
2025-05-11 22:00:00;2025-05-12 00:00:00;Region Hovedstaden;Privat;Privat;228679,891000
2025-05-11 23:00:00;2025-05-12 01:00:00;Region Hovedstaden;Privat;Privat;231043,982000
2025-05-12 00:00:00;2025-05-12 02:00:00;Region Hovedstaden;Privat;Privat;217634,566000
2025-05-12 01:00:00;2025-05-12 03:00:00;Region Hovedstaden;Privat;Privat;195283,061000
2025-05-12 02:00:00;2025-05-12 04:00:00;Region Hovedstaden;Privat;Privat;174308,977000
2025-05-12 03:00:00;2025-05-12 05:00:00;Region Hovedstaden;Privat;Privat;173727,717000
2025-05-12 04:00:00;2025-05-12 06:00:00;Region Hovedstaden;Privat;Privat;207285,525000
2025-05-12 05:00:00;2025-05-12 07:00:00;Region Hovedstaden;Privat;Privat;230837,765000
2025-05-12 06:00:00;2025-05-12 08:00:00;Region Hovedstaden;Privat;Privat;226609,033000
2025-05-12 07:00:00;2025-05-12 09:00:00;Region Hovedstaden;Privat;Privat;224031,872000
2025-05-12 08:00:00;2025-05-12 10:00:00;Region Hovedstaden;Privat;Privat;224467,829000
2025-05-12 09:00:00;2025-05-12 11:00:00;Region Hovedstaden;Privat;Privat;228598,079000
2025-05-12 10:00:00;2025-05-12 12:00:00;Region Hovedstaden;Privat;Privat;236649,191000
2025-05-12 11:00:00;2025-05-12 13:00:00;Region Hovedstaden;Privat;Privat;240981,471000
2025-05-12 12:00:00;2025-05-12 14:00:00;Region Hovedstaden;Privat;Privat;234599,345000
2025-05-12 13:00:00;2025-05-12 15:00:00;Region Hovedstaden;Privat;Privat;237094,834000
2025-05-12 14:00:00;2025-05-12 16:00:00;Region Hovedstaden;Privat;Privat;270639,621000
2025-05-12 15:00:00;2025-05-12 17:00:00;Region Hovedstaden;Privat;Privat;338409,471000
2025-05-12 16:00:00;2025-05-12 18:00:00;Region Hovedstaden;Privat;Privat;359833,811000
2025-05-12 17:00:00;2025-05-12 19:00:00;Region Hovedstaden;Privat;Privat;325945,908000
2025-05-12 18:00:00;2025-05-12 20:00:00;Region Hovedstaden;Privat;Privat;299521,246000
2025-05-12 19:00:00;2025-05-12 21:00:00;Region Hovedstaden;Privat;Privat;289282,348000
2025-05-12 20:00:00;2025-05-12 22:00:00;Region Hovedstaden;Privat;Privat;263819,406000
2025-05-12 21:00:00;2025-05-12 23:00:00;Region Hovedstaden;Privat;Privat;231466,664000
2025-05-12 22:00:00;2025-05-13 00:00:00;Region Hovedstaden;Privat;Privat;235771,357000
2025-05-12 23:00:00;2025-05-13 01:00:00;Region Hovedstaden;Privat;Privat;226432,515000
2025-05-13 00:00:00;2025-05-13 02:00:00;Region Hovedstaden;Privat;Privat;202404,850000
2025-05-13 01:00:00;2025-05-13 03:00:00;Region Hovedstaden;Privat;Privat;175699,280000
2025-05-13 02:00:00;2025-05-13 04:00:00;Region Hovedstaden;Privat;Privat;162051,110000
2025-05-13 03:00:00;2025-05-13 05:00:00;Region Hovedstaden;Privat;Privat;166623,988000
2025-05-13 04:00:00;2025-05-13 06:00:00;Region Hovedstaden;Privat;Privat;199884,866000
2025-05-13 05:00:00;2025-05-13 07:00:00;Region Hovedstaden;Privat;Privat;220699,782000
2025-05-13 06:00:00;2025-05-13 08:00:00;Region Hovedstaden;Privat;Privat;209825,575000
2025-05-13 07:00:00;2025-05-13 09:00:00;Region Hovedstaden;Privat;Privat;203725,313000
2025-05-13 08:00:00;2025-05-13 10:00:00;Region Hovedstaden;Privat;Privat;208293,900000
2025-05-13 09:00:00;2025-05-13 11:00:00;Region Hovedstaden;Privat;Privat;215104,244000
2025-05-13 10:00:00;2025-05-13 12:00:00;Region Hovedstaden;Privat;Privat;217822,626000
2025-05-13 11:00:00;2025-05-13 13:00:00;Region Hovedstaden;Privat;Privat;212197,630000
2025-05-13 12:00:00;2025-05-13 14:00:00;Region Hovedstaden;Privat;Privat;219588,349000
2025-05-13 13:00:00;2025-05-13 15:00:00;Region Hovedstaden;Privat;Privat;227406,356000
2025-05-13 14:00:00;2025-05-13 16:00:00;Region Hovedstaden;Privat;Privat;259099,252000
2025-05-13 15:00:00;2025-05-13 17:00:00;Region Hovedstaden;Privat;Privat;314458,867000
2025-05-13 16:00:00;2025-05-13 18:00:00;Region Hovedstaden;Privat;Privat;333792,898000
2025-05-13 17:00:00;2025-05-13 19:00:00;Region Hovedstaden;Privat;Privat;307800,247000
2025-05-13 18:00:00;2025-05-13 20:00:00;Region Hovedstaden;Privat;Privat;288195,990000
2025-05-13 19:00:00;2025-05-13 21:00:00;Region Hovedstaden;Privat;Privat;276666,236000
2025-05-13 20:00:00;2025-05-13 22:00:00;Region Hovedstaden;Privat;Privat;247393,688000
2025-05-13 21:00:00;2025-05-13 23:00:00;Region Hovedstaden;Privat;Privat;210888,389000
2025-05-13 22:00:00;2025-05-14 00:00:00;Region Hovedstaden;Privat;Privat;206118,695000
2025-05-13 23:00:00;2025-05-14 01:00:00;Region Hovedstaden;Privat;Privat;212430,520000
2025-05-14 00:00:00;2025-05-14 02:00:00;Region Hovedstaden;Privat;Privat;188183,898000
2025-05-14 01:00:00;2025-05-14 03:00:00;Region Hovedstaden;Privat;Privat;174907,003000
2025-05-14 02:00:00;2025-05-14 04:00:00;Region Hovedstaden;Privat;Privat;168984,774000
2025-05-14 03:00:00;2025-05-14 05:00:00;Region Hovedstaden;Privat;Privat;161891,047000
2025-05-14 04:00:00;2025-05-14 06:00:00;Region Hovedstaden;Privat;Privat;188414,315000
2025-05-14 05:00:00;2025-05-14 07:00:00;Region Hovedstaden;Privat;Privat;212612,349000
2025-05-14 06:00:00;2025-05-14 08:00:00;Region Hovedstaden;Privat;Privat;208199,367000
2025-05-14 07:00:00;2025-05-14 09:00:00;Region Hovedstaden;Privat;Privat;204615,974000
2025-05-14 08:00:00;2025-05-14 10:00:00;Region Hovedstaden;Privat;Privat;213608,466000
2025-05-14 09:00:00;2025-05-14 11:00:00;Region Hovedstaden;Privat;Privat;218501,618000
2025-05-14 10:00:00;2025-05-14 12:00:00;Region Hovedstaden;Privat;Privat;226800,393000
2025-05-14 11:00:00;2025-05-14 13:00:00;Region Hovedstaden;Privat;Privat;222900,824000
2025-05-14 12:00:00;2025-05-14 14:00:00;Region Hovedstaden;Privat;Privat;223591,728000
2025-05-14 13:00:00;2025-05-14 15:00:00;Region Hovedstaden;Privat;Privat;231621,407000
2025-05-14 14:00:00;2025-05-14 16:00:00;Region Hovedstaden;Privat;Privat;267076,001000
2025-05-14 15:00:00;2025-05-14 17:00:00;Region Hovedstaden;Privat;Privat;330502,616000
2025-05-14 16:00:00;2025-05-14 18:00:00;Region Hovedstaden;Privat;Privat;340524,432000
2025-05-14 17:00:00;2025-05-14 19:00:00;Region Hovedstaden;Privat;Privat;313298,682000
2025-05-14 18:00:00;2025-05-14 20:00:00;Region Hovedstaden;Privat;Privat;292303,118000
2025-05-14 19:00:00;2025-05-14 21:00:00;Region Hovedstaden;Privat;Privat;283334,529000
2025-05-14 20:00:00;2025-05-14 22:00:00;Region Hovedstaden;Privat;Privat;256979,358000
2025-05-14 21:00:00;2025-05-14 23:00:00;Region Hovedstaden;Privat;Privat;220992,136000
2025-05-14 22:00:00;2025-05-15 00:00:00;Region Hovedstaden;Privat;Privat;208194,788000
2025-05-14 23:00:00;2025-05-15 01:00:00;Region Hovedstaden;Privat;Privat;207758,402000
2025-05-15 00:00:00;2025-05-15 02:00:00;Region Hovedstaden;Privat;Privat;202043,851000
2025-05-15 01:00:00;2025-05-15 03:00:00;Region Hovedstaden;Privat;Privat;193217,980000
2025-05-15 02:00:00;2025-05-15 04:00:00;Region Hovedstaden;Privat;Privat;182830,400000
2025-05-15 03:00:00;2025-05-15 05:00:00;Region Hovedstaden;Privat;Privat;178484,370000
2025-05-15 04:00:00;2025-05-15 06:00:00;Region Hovedstaden;Privat;Privat;201465,367000
2025-05-15 05:00:00;2025-05-15 07:00:00;Region Hovedstaden;Privat;Privat;224328,684000
2025-05-15 06:00:00;2025-05-15 08:00:00;Region Hovedstaden;Privat;Privat;216793,930000
2025-05-15 07:00:00;2025-05-15 09:00:00;Region Hovedstaden;Privat;Privat;214124,112000
2025-05-15 08:00:00;2025-05-15 10:00:00;Region Hovedstaden;Privat;Privat;220965,293000
2025-05-15 09:00:00;2025-05-15 11:00:00;Region Hovedstaden;Privat;Privat;225234,634000
2025-05-15 10:00:00;2025-05-15 12:00:00;Region Hovedstaden;Privat;Privat;231831,717000
2025-05-15 11:00:00;2025-05-15 13:00:00;Region Hovedstaden;Privat;Privat;230698,000000
2025-05-15 12:00:00;2025-05-15 14:00:00;Region Hovedstaden;Privat;Privat;230301,280000
2025-05-15 13:00:00;2025-05-15 15:00:00;Region Hovedstaden;Privat;Privat;238273,604000
2025-05-15 14:00:00;2025-05-15 16:00:00;Region Hovedstaden;Privat;Privat;268855,148000
2025-05-15 15:00:00;2025-05-15 17:00:00;Region Hovedstaden;Privat;Privat;321140,812000
2025-05-15 16:00:00;2025-05-15 18:00:00;Region Hovedstaden;Privat;Privat;334714,902000
2025-05-15 17:00:00;2025-05-15 19:00:00;Region Hovedstaden;Privat;Privat;311901,958000
2025-05-15 18:00:00;2025-05-15 20:00:00;Region Hovedstaden;Privat;Privat;293450,826000
2025-05-15 19:00:00;2025-05-15 21:00:00;Region Hovedstaden;Privat;Privat;282080,655000
2025-05-15 20:00:00;2025-05-15 22:00:00;Region Hovedstaden;Privat;Privat;261157,490000
2025-05-15 21:00:00;2025-05-15 23:00:00;Region Hovedstaden;Privat;Privat;229396,892000
2025-05-15 22:00:00;2025-05-16 00:00:00;Region Hovedstaden;Privat;Privat;222408,285000
2025-05-15 23:00:00;2025-05-16 01:00:00;Region Hovedstaden;Privat;Privat;234415,814000
2025-05-16 00:00:00;2025-05-16 02:00:00;Region Hovedstaden;Privat;Privat;226444,522000
2025-05-16 01:00:00;2025-05-16 03:00:00;Region Hovedstaden;Privat;Privat;199080,127000
2025-05-16 02:00:00;2025-05-16 04:00:00;Region Hovedstaden;Privat;Privat;164992,044000
2025-05-16 03:00:00;2025-05-16 05:00:00;Region Hovedstaden;Privat;Privat;156875,633000
2025-05-16 04:00:00;2025-05-16 06:00:00;Region Hovedstaden;Privat;Privat;189399,981000
2025-05-16 05:00:00;2025-05-16 07:00:00;Region Hovedstaden;Privat;Privat;218345,849000
2025-05-16 06:00:00;2025-05-16 08:00:00;Region Hovedstaden;Privat;Privat;217077,213000
2025-05-16 07:00:00;2025-05-16 09:00:00;Region Hovedstaden;Privat;Privat;214628,950000
2025-05-16 08:00:00;2025-05-16 10:00:00;Region Hovedstaden;Privat;Privat;219756,037000
2025-05-16 09:00:00;2025-05-16 11:00:00;Region Hovedstaden;Privat;Privat;228554,526000
2025-05-16 10:00:00;2025-05-16 12:00:00;Region Hovedstaden;Privat;Privat;237971,335000
2025-05-16 11:00:00;2025-05-16 13:00:00;Region Hovedstaden;Privat;Privat;237698,226000
2025-05-16 12:00:00;2025-05-16 14:00:00;Region Hovedstaden;Privat;Privat;240058,738000
2025-05-16 13:00:00;2025-05-16 15:00:00;Region Hovedstaden;Privat;Privat;245301,006000
2025-05-16 14:00:00;2025-05-16 16:00:00;Region Hovedstaden;Privat;Privat;267255,009000
2025-05-16 15:00:00;2025-05-16 17:00:00;Region Hovedstaden;Privat;Privat;297922,366000
2025-05-16 16:00:00;2025-05-16 18:00:00;Region Hovedstaden;Privat;Privat;311123,235000
2025-05-16 17:00:00;2025-05-16 19:00:00;Region Hovedstaden;Privat;Privat;288749,994000
2025-05-16 18:00:00;2025-05-16 20:00:00;Region Hovedstaden;Privat;Privat;267261,934000
2025-05-16 19:00:00;2025-05-16 21:00:00;Region Hovedstaden;Privat;Privat;258675,647000
2025-05-16 20:00:00;2025-05-16 22:00:00;Region Hovedstaden;Privat;Privat;245276,850000
2025-05-16 21:00:00;2025-05-16 23:00:00;Region Hovedstaden;Privat;Privat;219661,693000
2025-05-16 22:00:00;2025-05-17 00:00:00;Region Hovedstaden;Privat;Privat;217912,393000
2025-05-16 23:00:00;2025-05-17 01:00:00;Region Hovedstaden;Privat;Privat;199660,192000
2025-05-17 00:00:00;2025-05-17 02:00:00;Region Hovedstaden;Privat;Privat;204225,298000
2025-05-17 01:00:00;2025-05-17 03:00:00;Region Hovedstaden;Privat;Privat;179223,692000
2025-05-17 02:00:00;2025-05-17 04:00:00;Region Hovedstaden;Privat;Privat;162765,677000
2025-05-17 03:00:00;2025-05-17 05:00:00;Region Hovedstaden;Privat;Privat;149498,505000
2025-05-17 04:00:00;2025-05-17 06:00:00;Region Hovedstaden;Privat;Privat;156831,286000
2025-05-17 05:00:00;2025-05-17 07:00:00;Region Hovedstaden;Privat;Privat;196729,115000
2025-05-17 06:00:00;2025-05-17 08:00:00;Region Hovedstaden;Privat;Privat;245897,886000
2025-05-17 07:00:00;2025-05-17 09:00:00;Region Hovedstaden;Privat;Privat;283725,904000
2025-05-17 08:00:00;2025-05-17 10:00:00;Region Hovedstaden;Privat;Privat;295723,638000
2025-05-17 09:00:00;2025-05-17 11:00:00;Region Hovedstaden;Privat;Privat;301475,790000
2025-05-17 10:00:00;2025-05-17 12:00:00;Region Hovedstaden;Privat;Privat;299154,320000
2025-05-17 11:00:00;2025-05-17 13:00:00;Region Hovedstaden;Privat;Privat;298009,656000
2025-05-17 12:00:00;2025-05-17 14:00:00;Region Hovedstaden;Privat;Privat;296225,128000
2025-05-17 13:00:00;2025-05-17 15:00:00;Region Hovedstaden;Privat;Privat;286667,010000
2025-05-17 14:00:00;2025-05-17 16:00:00;Region Hovedstaden;Privat;Privat;288840,125000
2025-05-17 15:00:00;2025-05-17 17:00:00;Region Hovedstaden;Privat;Privat;322324,857000
2025-05-17 16:00:00;2025-05-17 18:00:00;Region Hovedstaden;Privat;Privat;329729,885000
2025-05-17 17:00:00;2025-05-17 19:00:00;Region Hovedstaden;Privat;Privat;298224,227000
2025-05-17 18:00:00;2025-05-17 20:00:00;Region Hovedstaden;Privat;Privat;274526,048000
2025-05-17 19:00:00;2025-05-17 21:00:00;Region Hovedstaden;Privat;Privat;264898,289000
2025-05-17 20:00:00;2025-05-17 22:00:00;Region Hovedstaden;Privat;Privat;250620,361000
2025-05-17 21:00:00;2025-05-17 23:00:00;Region Hovedstaden;Privat;Privat;227970,613000
2025-05-17 22:00:00;2025-05-18 00:00:00;Region Hovedstaden;Privat;Privat;212723,667000
2025-05-17 23:00:00;2025-05-18 01:00:00;Region Hovedstaden;Privat;Privat;196866,777000
2025-05-18 00:00:00;2025-05-18 02:00:00;Region Hovedstaden;Privat;Privat;184463,028000
2025-05-18 01:00:00;2025-05-18 03:00:00;Region Hovedstaden;Privat;Privat;178096,538000
2025-05-18 02:00:00;2025-05-18 04:00:00;Region Hovedstaden;Privat;Privat;164650,806000
2025-05-18 03:00:00;2025-05-18 05:00:00;Region Hovedstaden;Privat;Privat;155732,669000
2025-05-18 04:00:00;2025-05-18 06:00:00;Region Hovedstaden;Privat;Privat;158356,768000
2025-05-18 05:00:00;2025-05-18 07:00:00;Region Hovedstaden;Privat;Privat;191084,793000
2025-05-18 06:00:00;2025-05-18 08:00:00;Region Hovedstaden;Privat;Privat;237499,600000
2025-05-18 07:00:00;2025-05-18 09:00:00;Region Hovedstaden;Privat;Privat;281900,361000
2025-05-18 08:00:00;2025-05-18 10:00:00;Region Hovedstaden;Privat;Privat;304332,022000
2025-05-18 09:00:00;2025-05-18 11:00:00;Region Hovedstaden;Privat;Privat;313837,879000
2025-05-18 10:00:00;2025-05-18 12:00:00;Region Hovedstaden;Privat;Privat;321004,037000
2025-05-18 11:00:00;2025-05-18 13:00:00;Region Hovedstaden;Privat;Privat;325544,713000
2025-05-18 12:00:00;2025-05-18 14:00:00;Region Hovedstaden;Privat;Privat;322136,594000
2025-05-18 13:00:00;2025-05-18 15:00:00;Region Hovedstaden;Privat;Privat;317594,237000
2025-05-18 14:00:00;2025-05-18 16:00:00;Region Hovedstaden;Privat;Privat;330491,769000
2025-05-18 15:00:00;2025-05-18 17:00:00;Region Hovedstaden;Privat;Privat;371623,356000
2025-05-18 16:00:00;2025-05-18 18:00:00;Region Hovedstaden;Privat;Privat;377833,590000
2025-05-18 17:00:00;2025-05-18 19:00:00;Region Hovedstaden;Privat;Privat;345669,888000
2025-05-18 18:00:00;2025-05-18 20:00:00;Region Hovedstaden;Privat;Privat;315130,040000
2025-05-18 19:00:00;2025-05-18 21:00:00;Region Hovedstaden;Privat;Privat;292464,425000
2025-05-18 20:00:00;2025-05-18 22:00:00;Region Hovedstaden;Privat;Privat;256997,317000
2025-05-18 21:00:00;2025-05-18 23:00:00;Region Hovedstaden;Privat;Privat;216985,583000
2025-05-18 22:00:00;2025-05-19 00:00:00;Region Hovedstaden;Privat;Privat;206863,142000
2025-05-18 23:00:00;2025-05-19 01:00:00;Region Hovedstaden;Privat;Privat;204900,089000
2025-05-19 00:00:00;2025-05-19 02:00:00;Region Hovedstaden;Privat;Privat;198892,189000
2025-05-19 01:00:00;2025-05-19 03:00:00;Region Hovedstaden;Privat;Privat;184969,613000
2025-05-19 02:00:00;2025-05-19 04:00:00;Region Hovedstaden;Privat;Privat;164898,612000
2025-05-19 03:00:00;2025-05-19 05:00:00;Region Hovedstaden;Privat;Privat;159070,863000
2025-05-19 04:00:00;2025-05-19 06:00:00;Region Hovedstaden;Privat;Privat;191897,308000
2025-05-19 05:00:00;2025-05-19 07:00:00;Region Hovedstaden;Privat;Privat;219916,212000
2025-05-19 06:00:00;2025-05-19 08:00:00;Region Hovedstaden;Privat;Privat;212201,047000
2025-05-19 07:00:00;2025-05-19 09:00:00;Region Hovedstaden;Privat;Privat;206539,076000
2025-05-19 08:00:00;2025-05-19 10:00:00;Region Hovedstaden;Privat;Privat;203819,683000
2025-05-19 09:00:00;2025-05-19 11:00:00;Region Hovedstaden;Privat;Privat;207954,433000
2025-05-19 10:00:00;2025-05-19 12:00:00;Region Hovedstaden;Privat;Privat;220863,022000
2025-05-19 11:00:00;2025-05-19 13:00:00;Region Hovedstaden;Privat;Privat;221466,858000
2025-05-19 12:00:00;2025-05-19 14:00:00;Region Hovedstaden;Privat;Privat;217151,666000
2025-05-19 13:00:00;2025-05-19 15:00:00;Region Hovedstaden;Privat;Privat;219975,209000
2025-05-19 14:00:00;2025-05-19 16:00:00;Region Hovedstaden;Privat;Privat;248042,925000
2025-05-19 15:00:00;2025-05-19 17:00:00;Region Hovedstaden;Privat;Privat;309679,106000
2025-05-19 16:00:00;2025-05-19 18:00:00;Region Hovedstaden;Privat;Privat;330211,703000
2025-05-19 17:00:00;2025-05-19 19:00:00;Region Hovedstaden;Privat;Privat;304926,451000
2025-05-19 18:00:00;2025-05-19 20:00:00;Region Hovedstaden;Privat;Privat;282992,703000
2025-05-19 19:00:00;2025-05-19 21:00:00;Region Hovedstaden;Privat;Privat;271465,252000
2025-05-19 20:00:00;2025-05-19 22:00:00;Region Hovedstaden;Privat;Privat;249964,706000
2025-05-19 21:00:00;2025-05-19 23:00:00;Region Hovedstaden;Privat;Privat;213240,523000
2025-05-19 22:00:00;2025-05-20 00:00:00;Region Hovedstaden;Privat;Privat;198552,334000
2025-05-19 23:00:00;2025-05-20 01:00:00;Region Hovedstaden;Privat;Privat;196301,228000
2025-05-20 00:00:00;2025-05-20 02:00:00;Region Hovedstaden;Privat;Privat;189915,355000
2025-05-20 01:00:00;2025-05-20 03:00:00;Region Hovedstaden;Privat;Privat;175021,379000
2025-05-20 02:00:00;2025-05-20 04:00:00;Region Hovedstaden;Privat;Privat;158420,908000
2025-05-20 03:00:00;2025-05-20 05:00:00;Region Hovedstaden;Privat;Privat;152040,343000
2025-05-20 04:00:00;2025-05-20 06:00:00;Region Hovedstaden;Privat;Privat;183433,660000
2025-05-20 05:00:00;2025-05-20 07:00:00;Region Hovedstaden;Privat;Privat;206461,275000
2025-05-20 06:00:00;2025-05-20 08:00:00;Region Hovedstaden;Privat;Privat;200491,712000
2025-05-20 07:00:00;2025-05-20 09:00:00;Region Hovedstaden;Privat;Privat;197119,162000
2025-05-20 08:00:00;2025-05-20 10:00:00;Region Hovedstaden;Privat;Privat;194897,907000
2025-05-20 09:00:00;2025-05-20 11:00:00;Region Hovedstaden;Privat;Privat;201027,007000
2025-05-20 10:00:00;2025-05-20 12:00:00;Region Hovedstaden;Privat;Privat;218317,377000
2025-05-20 11:00:00;2025-05-20 13:00:00;Region Hovedstaden;Privat;Privat;216369,152000
2025-05-20 12:00:00;2025-05-20 14:00:00;Region Hovedstaden;Privat;Privat;214171,780000
2025-05-20 13:00:00;2025-05-20 15:00:00;Region Hovedstaden;Privat;Privat;217592,712000
2025-05-20 14:00:00;2025-05-20 16:00:00;Region Hovedstaden;Privat;Privat;241374,409000
2025-05-20 15:00:00;2025-05-20 17:00:00;Region Hovedstaden;Privat;Privat;296195,342000
2025-05-20 16:00:00;2025-05-20 18:00:00;Region Hovedstaden;Privat;Privat;312497,506000
2025-05-20 17:00:00;2025-05-20 19:00:00;Region Hovedstaden;Privat;Privat;290852,399000
2025-05-20 18:00:00;2025-05-20 20:00:00;Region Hovedstaden;Privat;Privat;274093,525000
2025-05-20 19:00:00;2025-05-20 21:00:00;Region Hovedstaden;Privat;Privat;265074,122000
2025-05-20 20:00:00;2025-05-20 22:00:00;Region Hovedstaden;Privat;Privat;244823,784000
2025-05-20 21:00:00;2025-05-20 23:00:00;Region Hovedstaden;Privat;Privat;209040,380000
2025-05-20 22:00:00;2025-05-21 00:00:00;Region Hovedstaden;Privat;Privat;194425,900000
2025-05-20 23:00:00;2025-05-21 01:00:00;Region Hovedstaden;Privat;Privat;189686,444000
2025-05-21 00:00:00;2025-05-21 02:00:00;Region Hovedstaden;Privat;Privat;193895,265000
2025-05-21 01:00:00;2025-05-21 03:00:00;Region Hovedstaden;Privat;Privat;187815,381000
2025-05-21 02:00:00;2025-05-21 04:00:00;Region Hovedstaden;Privat;Privat;164357,696000
2025-05-21 03:00:00;2025-05-21 05:00:00;Region Hovedstaden;Privat;Privat;151332,280000
2025-05-21 04:00:00;2025-05-21 06:00:00;Region Hovedstaden;Privat;Privat;181049,597000
2025-05-21 05:00:00;2025-05-21 07:00:00;Region Hovedstaden;Privat;Privat;208767,607000
2025-05-21 06:00:00;2025-05-21 08:00:00;Region Hovedstaden;Privat;Privat;205819,578000
2025-05-21 07:00:00;2025-05-21 09:00:00;Region Hovedstaden;Privat;Privat;203428,486000
2025-05-21 08:00:00;2025-05-21 10:00:00;Region Hovedstaden;Privat;Privat;204117,467000
2025-05-21 09:00:00;2025-05-21 11:00:00;Region Hovedstaden;Privat;Privat;215246,990000
2025-05-21 10:00:00;2025-05-21 12:00:00;Region Hovedstaden;Privat;Privat;223641,238000
2025-05-21 11:00:00;2025-05-21 13:00:00;Region Hovedstaden;Privat;Privat;221358,808000
2025-05-21 12:00:00;2025-05-21 14:00:00;Region Hovedstaden;Privat;Privat;222134,821000
2025-05-21 13:00:00;2025-05-21 15:00:00;Region Hovedstaden;Privat;Privat;231265,044000
2025-05-21 14:00:00;2025-05-21 16:00:00;Region Hovedstaden;Privat;Privat;268379,626000
2025-05-21 15:00:00;2025-05-21 17:00:00;Region Hovedstaden;Privat;Privat;334310,196000
2025-05-21 16:00:00;2025-05-21 18:00:00;Region Hovedstaden;Privat;Privat;346029,267000
2025-05-21 17:00:00;2025-05-21 19:00:00;Region Hovedstaden;Privat;Privat;308989,422000
2025-05-21 18:00:00;2025-05-21 20:00:00;Region Hovedstaden;Privat;Privat;284557,257000
2025-05-21 19:00:00;2025-05-21 21:00:00;Region Hovedstaden;Privat;Privat;274000,727000
2025-05-21 20:00:00;2025-05-21 22:00:00;Region Hovedstaden;Privat;Privat;253543,457000
2025-05-21 21:00:00;2025-05-21 23:00:00;Region Hovedstaden;Privat;Privat;222554,645000
2025-05-21 22:00:00;2025-05-22 00:00:00;Region Hovedstaden;Privat;Privat;218905,336000
2025-05-21 23:00:00;2025-05-22 01:00:00;Region Hovedstaden;Privat;Privat;220199,844000
2025-05-22 00:00:00;2025-05-22 02:00:00;Region Hovedstaden;Privat;Privat;203829,702000
2025-05-22 01:00:00;2025-05-22 03:00:00;Region Hovedstaden;Privat;Privat;202627,240000
2025-05-22 02:00:00;2025-05-22 04:00:00;Region Hovedstaden;Privat;Privat;186599,857000
2025-05-22 03:00:00;2025-05-22 05:00:00;Region Hovedstaden;Privat;Privat;172141,512000
2025-05-22 04:00:00;2025-05-22 06:00:00;Region Hovedstaden;Privat;Privat;193266,865000
2025-05-22 05:00:00;2025-05-22 07:00:00;Region Hovedstaden;Privat;Privat;218593,135000
2025-05-22 06:00:00;2025-05-22 08:00:00;Region Hovedstaden;Privat;Privat;217373,620000
2025-05-22 07:00:00;2025-05-22 09:00:00;Region Hovedstaden;Privat;Privat;217551,926000
2025-05-22 08:00:00;2025-05-22 10:00:00;Region Hovedstaden;Privat;Privat;226146,578000
2025-05-22 09:00:00;2025-05-22 11:00:00;Region Hovedstaden;Privat;Privat;230234,510000
2025-05-22 10:00:00;2025-05-22 12:00:00;Region Hovedstaden;Privat;Privat;237057,307000
2025-05-22 11:00:00;2025-05-22 13:00:00;Region Hovedstaden;Privat;Privat;234326,951000
2025-05-22 12:00:00;2025-05-22 14:00:00;Region Hovedstaden;Privat;Privat;241503,042000
2025-05-22 13:00:00;2025-05-22 15:00:00;Region Hovedstaden;Privat;Privat;252374,253000
2025-05-22 14:00:00;2025-05-22 16:00:00;Region Hovedstaden;Privat;Privat;285706,330000
2025-05-22 15:00:00;2025-05-22 17:00:00;Region Hovedstaden;Privat;Privat;344084,801000
2025-05-22 16:00:00;2025-05-22 18:00:00;Region Hovedstaden;Privat;Privat;359772,042000
2025-05-22 17:00:00;2025-05-22 19:00:00;Region Hovedstaden;Privat;Privat;327347,837000
2025-05-22 18:00:00;2025-05-22 20:00:00;Region Hovedstaden;Privat;Privat;305093,274000
2025-05-22 19:00:00;2025-05-22 21:00:00;Region Hovedstaden;Privat;Privat;305583,894000
2025-05-22 20:00:00;2025-05-22 22:00:00;Region Hovedstaden;Privat;Privat;291020,591000
2025-05-22 21:00:00;2025-05-22 23:00:00;Region Hovedstaden;Privat;Privat;260892,470000
2025-05-22 22:00:00;2025-05-23 00:00:00;Region Hovedstaden;Privat;Privat;228459,869000
2025-05-22 23:00:00;2025-05-23 01:00:00;Region Hovedstaden;Privat;Privat;210748,148000
2025-05-23 00:00:00;2025-05-23 02:00:00;Region Hovedstaden;Privat;Privat;220004,690000
2025-05-23 01:00:00;2025-05-23 03:00:00;Region Hovedstaden;Privat;Privat;197953,665000
2025-05-23 02:00:00;2025-05-23 04:00:00;Region Hovedstaden;Privat;Privat;177806,918000
2025-05-23 03:00:00;2025-05-23 05:00:00;Region Hovedstaden;Privat;Privat;170919,542000
2025-05-23 04:00:00;2025-05-23 06:00:00;Region Hovedstaden;Privat;Privat;205149,206000
2025-05-23 05:00:00;2025-05-23 07:00:00;Region Hovedstaden;Privat;Privat;231476,411000
2025-05-23 06:00:00;2025-05-23 08:00:00;Region Hovedstaden;Privat;Privat;228882,280000
2025-05-23 07:00:00;2025-05-23 09:00:00;Region Hovedstaden;Privat;Privat;229816,556000
2025-05-23 08:00:00;2025-05-23 10:00:00;Region Hovedstaden;Privat;Privat;229631,345000
2025-05-23 09:00:00;2025-05-23 11:00:00;Region Hovedstaden;Privat;Privat;237064,513000
2025-05-23 10:00:00;2025-05-23 12:00:00;Region Hovedstaden;Privat;Privat;252251,949000
2025-05-23 11:00:00;2025-05-23 13:00:00;Region Hovedstaden;Privat;Privat;271454,596000
2025-05-23 12:00:00;2025-05-23 14:00:00;Region Hovedstaden;Privat;Privat;277213,209000
2025-05-23 13:00:00;2025-05-23 15:00:00;Region Hovedstaden;Privat;Privat;277500,488000
2025-05-23 14:00:00;2025-05-23 16:00:00;Region Hovedstaden;Privat;Privat;302383,050000
2025-05-23 15:00:00;2025-05-23 17:00:00;Region Hovedstaden;Privat;Privat;343418,661000
2025-05-23 16:00:00;2025-05-23 18:00:00;Region Hovedstaden;Privat;Privat;363534,362000
2025-05-23 17:00:00;2025-05-23 19:00:00;Region Hovedstaden;Privat;Privat;331123,502000
2025-05-23 18:00:00;2025-05-23 20:00:00;Region Hovedstaden;Privat;Privat;299105,611000
2025-05-23 19:00:00;2025-05-23 21:00:00;Region Hovedstaden;Privat;Privat;288173,062000
2025-05-23 20:00:00;2025-05-23 22:00:00;Region Hovedstaden;Privat;Privat;271003,026000
2025-05-23 21:00:00;2025-05-23 23:00:00;Region Hovedstaden;Privat;Privat;245438,992000
2025-05-23 22:00:00;2025-05-24 00:00:00;Region Hovedstaden;Privat;Privat;231607,030000
2025-05-23 23:00:00;2025-05-24 01:00:00;Region Hovedstaden;Privat;Privat;219808,364000
2025-05-24 00:00:00;2025-05-24 02:00:00;Region Hovedstaden;Privat;Privat;212057,079000
2025-05-24 01:00:00;2025-05-24 03:00:00;Region Hovedstaden;Privat;Privat;206699,155000
2025-05-24 02:00:00;2025-05-24 04:00:00;Region Hovedstaden;Privat;Privat;194766,633000
2025-05-24 03:00:00;2025-05-24 05:00:00;Region Hovedstaden;Privat;Privat;183074,344000
2025-05-24 04:00:00;2025-05-24 06:00:00;Region Hovedstaden;Privat;Privat;179240,808000
2025-05-24 05:00:00;2025-05-24 07:00:00;Region Hovedstaden;Privat;Privat;213839,793000
2025-05-24 06:00:00;2025-05-24 08:00:00;Region Hovedstaden;Privat;Privat;259578,058000
2025-05-24 07:00:00;2025-05-24 09:00:00;Region Hovedstaden;Privat;Privat;296664,468000
2025-05-24 08:00:00;2025-05-24 10:00:00;Region Hovedstaden;Privat;Privat;328607,234000
2025-05-24 09:00:00;2025-05-24 11:00:00;Region Hovedstaden;Privat;Privat;336014,599000
2025-05-24 10:00:00;2025-05-24 12:00:00;Region Hovedstaden;Privat;Privat;334833,122000
2025-05-24 11:00:00;2025-05-24 13:00:00;Region Hovedstaden;Privat;Privat;321394,883000
2025-05-24 12:00:00;2025-05-24 14:00:00;Region Hovedstaden;Privat;Privat;311952,765000
2025-05-24 13:00:00;2025-05-24 15:00:00;Region Hovedstaden;Privat;Privat;299409,872000
2025-05-24 14:00:00;2025-05-24 16:00:00;Region Hovedstaden;Privat;Privat;294311,677000
2025-05-24 15:00:00;2025-05-24 17:00:00;Region Hovedstaden;Privat;Privat;318568,899000
2025-05-24 16:00:00;2025-05-24 18:00:00;Region Hovedstaden;Privat;Privat;329676,938000
2025-05-24 17:00:00;2025-05-24 19:00:00;Region Hovedstaden;Privat;Privat;301510,871000
2025-05-24 18:00:00;2025-05-24 20:00:00;Region Hovedstaden;Privat;Privat;279524,501000
2025-05-24 19:00:00;2025-05-24 21:00:00;Region Hovedstaden;Privat;Privat;268029,438000
2025-05-24 20:00:00;2025-05-24 22:00:00;Region Hovedstaden;Privat;Privat;253121,001000
2025-05-24 21:00:00;2025-05-24 23:00:00;Region Hovedstaden;Privat;Privat;228435,943000
2025-05-24 22:00:00;2025-05-25 00:00:00;Region Hovedstaden;Privat;Privat;212380,713000
2025-05-24 23:00:00;2025-05-25 01:00:00;Region Hovedstaden;Privat;Privat;200487,938000
2025-05-25 00:00:00;2025-05-25 02:00:00;Region Hovedstaden;Privat;Privat;199493,014000
2025-05-25 01:00:00;2025-05-25 03:00:00;Region Hovedstaden;Privat;Privat;199420,881000
2025-05-25 02:00:00;2025-05-25 04:00:00;Region Hovedstaden;Privat;Privat;191673,838000
2025-05-25 03:00:00;2025-05-25 05:00:00;Region Hovedstaden;Privat;Privat;176174,998000
2025-05-25 04:00:00;2025-05-25 06:00:00;Region Hovedstaden;Privat;Privat;167292,725000
2025-05-25 05:00:00;2025-05-25 07:00:00;Region Hovedstaden;Privat;Privat;197939,376000
2025-05-25 06:00:00;2025-05-25 08:00:00;Region Hovedstaden;Privat;Privat;250066,734000
2025-05-25 07:00:00;2025-05-25 09:00:00;Region Hovedstaden;Privat;Privat;295047,377000
2025-05-25 08:00:00;2025-05-25 10:00:00;Region Hovedstaden;Privat;Privat;323176,869000
2025-05-25 09:00:00;2025-05-25 11:00:00;Region Hovedstaden;Privat;Privat;339268,862000
2025-05-25 10:00:00;2025-05-25 12:00:00;Region Hovedstaden;Privat;Privat;348924,108000
2025-05-25 11:00:00;2025-05-25 13:00:00;Region Hovedstaden;Privat;Privat;353127,550000
2025-05-25 12:00:00;2025-05-25 14:00:00;Region Hovedstaden;Privat;Privat;352583,345000
2025-05-25 13:00:00;2025-05-25 15:00:00;Region Hovedstaden;Privat;Privat;352348,439000
2025-05-25 14:00:00;2025-05-25 16:00:00;Region Hovedstaden;Privat;Privat;365923,557000
2025-05-25 15:00:00;2025-05-25 17:00:00;Region Hovedstaden;Privat;Privat;402134,863000
2025-05-25 16:00:00;2025-05-25 18:00:00;Region Hovedstaden;Privat;Privat;410101,667000
2025-05-25 17:00:00;2025-05-25 19:00:00;Region Hovedstaden;Privat;Privat;358642,030000
2025-05-25 18:00:00;2025-05-25 20:00:00;Region Hovedstaden;Privat;Privat;320848,290000
2025-05-25 19:00:00;2025-05-25 21:00:00;Region Hovedstaden;Privat;Privat;296810,048000
2025-05-25 20:00:00;2025-05-25 22:00:00;Region Hovedstaden;Privat;Privat;268637,537000
2025-05-25 21:00:00;2025-05-25 23:00:00;Region Hovedstaden;Privat;Privat;247519,023000
2025-05-25 22:00:00;2025-05-26 00:00:00;Region Hovedstaden;Privat;Privat;222389,382000
2025-05-25 23:00:00;2025-05-26 01:00:00;Region Hovedstaden;Privat;Privat;216314,616000
2025-05-26 00:00:00;2025-05-26 02:00:00;Region Hovedstaden;Privat;Privat;190268,911000
2025-05-26 01:00:00;2025-05-26 03:00:00;Region Hovedstaden;Privat;Privat;188004,902000
2025-05-26 02:00:00;2025-05-26 04:00:00;Region Hovedstaden;Privat;Privat;172232,071000
2025-05-26 03:00:00;2025-05-26 05:00:00;Region Hovedstaden;Privat;Privat;162532,174000
2025-05-26 04:00:00;2025-05-26 06:00:00;Region Hovedstaden;Privat;Privat;193890,818000
2025-05-26 05:00:00;2025-05-26 07:00:00;Region Hovedstaden;Privat;Privat;217473,077000
2025-05-26 06:00:00;2025-05-26 08:00:00;Region Hovedstaden;Privat;Privat;211209,258000
2025-05-26 07:00:00;2025-05-26 09:00:00;Region Hovedstaden;Privat;Privat;205768,043000
2025-05-26 08:00:00;2025-05-26 10:00:00;Region Hovedstaden;Privat;Privat;208135,179000
2025-05-26 09:00:00;2025-05-26 11:00:00;Region Hovedstaden;Privat;Privat;221738,709000
2025-05-26 10:00:00;2025-05-26 12:00:00;Region Hovedstaden;Privat;Privat;226218,588000
2025-05-26 11:00:00;2025-05-26 13:00:00;Region Hovedstaden;Privat;Privat;235224,254000
2025-05-26 12:00:00;2025-05-26 14:00:00;Region Hovedstaden;Privat;Privat;235255,117000
2025-05-26 13:00:00;2025-05-26 15:00:00;Region Hovedstaden;Privat;Privat;238743,837000
2025-05-26 14:00:00;2025-05-26 16:00:00;Region Hovedstaden;Privat;Privat;273718,359000
2025-05-26 15:00:00;2025-05-26 17:00:00;Region Hovedstaden;Privat;Privat;332779,937000
2025-05-26 16:00:00;2025-05-26 18:00:00;Region Hovedstaden;Privat;Privat;350778,169000
2025-05-26 17:00:00;2025-05-26 19:00:00;Region Hovedstaden;Privat;Privat;317667,838000
2025-05-26 18:00:00;2025-05-26 20:00:00;Region Hovedstaden;Privat;Privat;292471,246000
2025-05-26 19:00:00;2025-05-26 21:00:00;Region Hovedstaden;Privat;Privat;275283,966000
2025-05-26 20:00:00;2025-05-26 22:00:00;Region Hovedstaden;Privat;Privat;251453,705000
2025-05-26 21:00:00;2025-05-26 23:00:00;Region Hovedstaden;Privat;Privat;216071,179000
2025-05-26 22:00:00;2025-05-27 00:00:00;Region Hovedstaden;Privat;Privat;200256,369000
2025-05-26 23:00:00;2025-05-27 01:00:00;Region Hovedstaden;Privat;Privat;192770,015000
2025-05-27 00:00:00;2025-05-27 02:00:00;Region Hovedstaden;Privat;Privat;194770,648000
2025-05-27 01:00:00;2025-05-27 03:00:00;Region Hovedstaden;Privat;Privat;187721,326000
2025-05-27 02:00:00;2025-05-27 04:00:00;Region Hovedstaden;Privat;Privat;180697,940000
2025-05-27 03:00:00;2025-05-27 05:00:00;Region Hovedstaden;Privat;Privat;168825,974000
2025-05-27 04:00:00;2025-05-27 06:00:00;Region Hovedstaden;Privat;Privat;188876,028000
2025-05-27 05:00:00;2025-05-27 07:00:00;Region Hovedstaden;Privat;Privat;210122,401000
2025-05-27 06:00:00;2025-05-27 08:00:00;Region Hovedstaden;Privat;Privat;204019,313000
2025-05-27 07:00:00;2025-05-27 09:00:00;Region Hovedstaden;Privat;Privat;201974,386000
2025-05-27 08:00:00;2025-05-27 10:00:00;Region Hovedstaden;Privat;Privat;210273,265000
2025-05-27 09:00:00;2025-05-27 11:00:00;Region Hovedstaden;Privat;Privat;216354,792000
2025-05-27 10:00:00;2025-05-27 12:00:00;Region Hovedstaden;Privat;Privat;228429,934000
2025-05-27 11:00:00;2025-05-27 13:00:00;Region Hovedstaden;Privat;Privat;229672,075000
2025-05-27 12:00:00;2025-05-27 14:00:00;Region Hovedstaden;Privat;Privat;235783,725000
2025-05-27 13:00:00;2025-05-27 15:00:00;Region Hovedstaden;Privat;Privat;244816,567000
2025-05-27 14:00:00;2025-05-27 16:00:00;Region Hovedstaden;Privat;Privat;275279,783000
2025-05-27 15:00:00;2025-05-27 17:00:00;Region Hovedstaden;Privat;Privat;333984,152000
2025-05-27 16:00:00;2025-05-27 18:00:00;Region Hovedstaden;Privat;Privat;350380,115000
2025-05-27 17:00:00;2025-05-27 19:00:00;Region Hovedstaden;Privat;Privat;318710,651000
2025-05-27 18:00:00;2025-05-27 20:00:00;Region Hovedstaden;Privat;Privat;293448,531000
2025-05-27 19:00:00;2025-05-27 21:00:00;Region Hovedstaden;Privat;Privat;281744,845000
2025-05-27 20:00:00;2025-05-27 22:00:00;Region Hovedstaden;Privat;Privat;258053,789000
2025-05-27 21:00:00;2025-05-27 23:00:00;Region Hovedstaden;Privat;Privat;225956,043000
2025-05-27 22:00:00;2025-05-28 00:00:00;Region Hovedstaden;Privat;Privat;217148,417000
2025-05-27 23:00:00;2025-05-28 01:00:00;Region Hovedstaden;Privat;Privat;222768,287000
2025-05-28 00:00:00;2025-05-28 02:00:00;Region Hovedstaden;Privat;Privat;215004,467000
2025-05-28 01:00:00;2025-05-28 03:00:00;Region Hovedstaden;Privat;Privat;203120,807000
2025-05-28 02:00:00;2025-05-28 04:00:00;Region Hovedstaden;Privat;Privat;173533,306000
2025-05-28 03:00:00;2025-05-28 05:00:00;Region Hovedstaden;Privat;Privat;159282,403000
2025-05-28 04:00:00;2025-05-28 06:00:00;Region Hovedstaden;Privat;Privat;190321,075000
2025-05-28 05:00:00;2025-05-28 07:00:00;Region Hovedstaden;Privat;Privat;217854,347000
2025-05-28 06:00:00;2025-05-28 08:00:00;Region Hovedstaden;Privat;Privat;214160,014000
2025-05-28 07:00:00;2025-05-28 09:00:00;Region Hovedstaden;Privat;Privat;210686,801000
2025-05-28 08:00:00;2025-05-28 10:00:00;Region Hovedstaden;Privat;Privat;208999,118000
2025-05-28 09:00:00;2025-05-28 11:00:00;Region Hovedstaden;Privat;Privat;209904,549000
2025-05-28 10:00:00;2025-05-28 12:00:00;Region Hovedstaden;Privat;Privat;215492,724000
2025-05-28 11:00:00;2025-05-28 13:00:00;Region Hovedstaden;Privat;Privat;216658,739000
2025-05-28 12:00:00;2025-05-28 14:00:00;Region Hovedstaden;Privat;Privat;219889,342000
2025-05-28 13:00:00;2025-05-28 15:00:00;Region Hovedstaden;Privat;Privat;228105,693000
2025-05-28 14:00:00;2025-05-28 16:00:00;Region Hovedstaden;Privat;Privat;250116,904000
2025-05-28 15:00:00;2025-05-28 17:00:00;Region Hovedstaden;Privat;Privat;296249,338000
2025-05-28 16:00:00;2025-05-28 18:00:00;Region Hovedstaden;Privat;Privat;318846,159000
2025-05-28 17:00:00;2025-05-28 19:00:00;Region Hovedstaden;Privat;Privat;300056,996000
2025-05-28 18:00:00;2025-05-28 20:00:00;Region Hovedstaden;Privat;Privat;279183,037000
2025-05-28 19:00:00;2025-05-28 21:00:00;Region Hovedstaden;Privat;Privat;270617,934000
2025-05-28 20:00:00;2025-05-28 22:00:00;Region Hovedstaden;Privat;Privat;259558,633000
2025-05-28 21:00:00;2025-05-28 23:00:00;Region Hovedstaden;Privat;Privat;233694,506000
2025-05-28 22:00:00;2025-05-29 00:00:00;Region Hovedstaden;Privat;Privat;218524,643000
2025-05-28 23:00:00;2025-05-29 01:00:00;Region Hovedstaden;Privat;Privat;209500,685000
2025-05-29 00:00:00;2025-05-29 02:00:00;Region Hovedstaden;Privat;Privat;208898,966000
2025-05-29 01:00:00;2025-05-29 03:00:00;Region Hovedstaden;Privat;Privat;185491,411000
2025-05-29 02:00:00;2025-05-29 04:00:00;Region Hovedstaden;Privat;Privat;166461,683000
2025-05-29 03:00:00;2025-05-29 05:00:00;Region Hovedstaden;Privat;Privat;159347,539000
2025-05-29 04:00:00;2025-05-29 06:00:00;Region Hovedstaden;Privat;Privat;159701,860000
2025-05-29 05:00:00;2025-05-29 07:00:00;Region Hovedstaden;Privat;Privat;195766,514000
2025-05-29 06:00:00;2025-05-29 08:00:00;Region Hovedstaden;Privat;Privat;241445,686000
2025-05-29 07:00:00;2025-05-29 09:00:00;Region Hovedstaden;Privat;Privat;271126,617000
2025-05-29 08:00:00;2025-05-29 10:00:00;Region Hovedstaden;Privat;Privat;288705,593000
2025-05-29 09:00:00;2025-05-29 11:00:00;Region Hovedstaden;Privat;Privat;320153,005000
2025-05-29 10:00:00;2025-05-29 12:00:00;Region Hovedstaden;Privat;Privat;319142,821000
2025-05-29 11:00:00;2025-05-29 13:00:00;Region Hovedstaden;Privat;Privat;299160,154000
2025-05-29 12:00:00;2025-05-29 14:00:00;Region Hovedstaden;Privat;Privat;281969,874000
2025-05-29 13:00:00;2025-05-29 15:00:00;Region Hovedstaden;Privat;Privat;270293,938000
2025-05-29 14:00:00;2025-05-29 16:00:00;Region Hovedstaden;Privat;Privat;269215,881000
2025-05-29 15:00:00;2025-05-29 17:00:00;Region Hovedstaden;Privat;Privat;300447,801000
2025-05-29 16:00:00;2025-05-29 18:00:00;Region Hovedstaden;Privat;Privat;316161,383000
2025-05-29 17:00:00;2025-05-29 19:00:00;Region Hovedstaden;Privat;Privat;292226,938000
2025-05-29 18:00:00;2025-05-29 20:00:00;Region Hovedstaden;Privat;Privat;270166,822000
2025-05-29 19:00:00;2025-05-29 21:00:00;Region Hovedstaden;Privat;Privat;258832,775000
2025-05-29 20:00:00;2025-05-29 22:00:00;Region Hovedstaden;Privat;Privat;240648,278000
2025-05-29 21:00:00;2025-05-29 23:00:00;Region Hovedstaden;Privat;Privat;213273,995000
2025-05-29 22:00:00;2025-05-30 00:00:00;Region Hovedstaden;Privat;Privat;202037,701000
2025-05-29 23:00:00;2025-05-30 01:00:00;Region Hovedstaden;Privat;Privat;206744,869000
2025-05-30 00:00:00;2025-05-30 02:00:00;Region Hovedstaden;Privat;Privat;181871,591000
2025-05-30 01:00:00;2025-05-30 03:00:00;Region Hovedstaden;Privat;Privat;171117,722000
2025-05-30 02:00:00;2025-05-30 04:00:00;Region Hovedstaden;Privat;Privat;164833,840000
2025-05-30 03:00:00;2025-05-30 05:00:00;Region Hovedstaden;Privat;Privat;149795,306000
2025-05-30 04:00:00;2025-05-30 06:00:00;Region Hovedstaden;Privat;Privat;151299,841000
2025-05-30 05:00:00;2025-05-30 07:00:00;Region Hovedstaden;Privat;Privat;182271,963000
2025-05-30 06:00:00;2025-05-30 08:00:00;Region Hovedstaden;Privat;Privat;219466,259000
2025-05-30 07:00:00;2025-05-30 09:00:00;Region Hovedstaden;Privat;Privat;239704,030000
2025-05-30 08:00:00;2025-05-30 10:00:00;Region Hovedstaden;Privat;Privat;251958,991000
2025-05-30 09:00:00;2025-05-30 11:00:00;Region Hovedstaden;Privat;Privat;257464,646000
2025-05-30 10:00:00;2025-05-30 12:00:00;Region Hovedstaden;Privat;Privat;259233,759000
2025-05-30 11:00:00;2025-05-30 13:00:00;Region Hovedstaden;Privat;Privat;258872,978000
2025-05-30 12:00:00;2025-05-30 14:00:00;Region Hovedstaden;Privat;Privat;259919,050000
2025-05-30 13:00:00;2025-05-30 15:00:00;Region Hovedstaden;Privat;Privat;261480,473000
2025-05-30 14:00:00;2025-05-30 16:00:00;Region Hovedstaden;Privat;Privat;275052,874000
2025-05-30 15:00:00;2025-05-30 17:00:00;Region Hovedstaden;Privat;Privat;309160,932000
2025-05-30 16:00:00;2025-05-30 18:00:00;Region Hovedstaden;Privat;Privat;319392,125000
2025-05-30 17:00:00;2025-05-30 19:00:00;Region Hovedstaden;Privat;Privat;291292,380000
2025-05-30 18:00:00;2025-05-30 20:00:00;Region Hovedstaden;Privat;Privat;264898,614000
2025-05-30 19:00:00;2025-05-30 21:00:00;Region Hovedstaden;Privat;Privat;255151,527000
2025-05-30 20:00:00;2025-05-30 22:00:00;Region Hovedstaden;Privat;Privat;247203,779000
2025-05-30 21:00:00;2025-05-30 23:00:00;Region Hovedstaden;Privat;Privat;242357,847000
